GEOID,COUNTY_NAME,year,claim_count,total_payout,buildings_hit,gauge_flood_events,peak_q_max,exposure_score
48273,Kleberg County,2019,0.0,0.0,0.0,0.0,399.0,0.0
48273,Kleberg County,2020,2.0,0.0,2.0,1.0,618.0,0.009519572953388025
48273,Kleberg County,2021,20.0,687642.61,20.0,1.0,881.0,0.060123565295923415
48273,Kleberg County,2022,0.0,0.0,0.0,0.0,354.0,0.0
48273,Kleberg County,2023,0.0,0.0,0.0,0.0,0.0,0.0
48273,Kleberg County,2024,3.0,1884.85,3.0,1.0,914.0,0.005748619852080552
48391,Refugio County,2019,0.0,0.0,0.0,0.0,0.0,0.0
48391,Refugio County,2020,2.0,0.0,2.0,0.0,4650.0,0.0011862396204019143
48391,Refugio County,2021,2.0,59586.74,2.0,5.0,19600.0,0.039327994110725906
48391,Refugio County,2022,1.0,0.0,1.0,0.0,0.0,0.002673796791429552
48391,Refugio County,2023,0.0,0.0,0.0,1.0,6410.0,0.014285714284693878
48391,Refugio County,2024,0.0,0.0,0.0,2.0,5670.0,0.009756097560737658
48201,Harris County,2019,4772.0,222911101.95,4772.0,32.0,39800.0,0.9927313353549096
48201,Harris County,2020,348.0,6502437.74,348.0,24.0,27100.0,0.4914696371712045
48201,Harris County,2021,573.0,3700352.0,573.0,4.0,36600.0,0.7200991711363544
48201,Harris County,2022,187.0,2583027.35,187.0,7.0,24600.0,0.8164382293892888
48201,Harris County,2023,187.0,2738335.8,187.0,14.0,39400.0,0.9999999999830405
48201,Harris County,2024,1744.0,53959086.69,1744.0,41.0,159000.0,0.9999999999948352
48443,Terrell County,2019,0.0,0.0,0.0,0.0,0.0,0.0
48443,Terrell County,2020,0.0,0.0,0.0,0.0,47.5,0.0
48443,Terrell County,2021,0.0,0.0,0.0,1.0,379.0,0.0068965517239001186
48443,Terrell County,2022,0.0,0.0,0.0,0.0,36.8,0.0
48443,Terrell County,2023,0.0,0.0,0.0,0.0,298.0,0.0
48443,Terrell County,2024,0.0,0.0,0.0,1.0,45800.0,0.004878048780368829
48229,Hudspeth County,2019,0.0,0.0,0.0,1.0,25.6,0.006249999999804689
48229,Hudspeth County,2020,0.0,0.0,0.0,0.0,0.0,0.0
48229,Hudspeth County,2021,0.0,0.0,0.0,0.0,0.0,0.0
48229,Hudspeth County,2022,0.0,0.0,0.0,0.0,0.0,0.0
48229,Hudspeth County,2023,0.0,0.0,0.0,0.0,0.0,0.0
48229,Hudspeth County,2024,0.0,0.0,0.0,0.0,0.0,0.0
48205,Hartley County,2019,0.0,0.0,0.0,0.0,140.0,0.0
48205,Hartley County,2020,0.0,0.0,0.0,0.0,0.0,0.0
48205,Hartley County,2021,0.0,0.0,0.0,0.0,0.0,0.0
48205,Hartley County,2022,0.0,0.0,0.0,0.0,0.0,0.0
48205,Hartley County,2023,0.0,0.0,0.0,0.0,0.0,0.0
48205,Hartley County,2024,0.0,0.0,0.0,0.0,0.0,0.0
48351,Newton County,2019,6.0,17821.85,6.0,5.0,72400.0,0.03190207123580607
48351,Newton County,2020,3.0,0.0,3.0,1.0,46200.0,0.010112692763588983
48351,Newton County,2021,2.0,46024.58,2.0,4.0,71400.0,0.03172586312757715
48351,Newton County,2022,0.0,0.0,0.0,0.0,20100.0,0.0
48351,Newton County,2023,0.0,0.0,0.0,0.0,24300.0,0.0
48351,Newton County,2024,25.0,1427879.8800000001,25.0,4.0,80300.0,0.03461830708649158
48373,Polk County,2019,4.0,80573.05000000002,4.0,0.0,3410.0,0.0005249216309029523
48373,Polk County,2020,0.0,0.0,0.0,1.0,41100.0,0.008333333332986111
48373,Polk County,2021,6.0,179946.14,6.0,4.0,52300.0,0.04218361154678857
48373,Polk County,2022,0.0,0.0,0.0,0.0,1190.0,0.0
48373,Polk County,2023,0.0,0.0,0.0,0.0,29700.0,0.0
48373,Polk County,2024,70.0,4003797.25,70.0,3.0,140000.0,0.056963137250749425
48139,Ellis County,2019,0.0,0.0,0.0,0.0,0.0,0.0
48139,Ellis County,2020,2.0,56759.29,2.0,0.0,35800.0,0.0019287563834017355
48139,Ellis County,2021,4.0,10081.48,4.0,3.0,31300.0,0.02470455142638252
48139,Ellis County,2022,12.0,555055.01,12.0,1.0,42700.0,0.08567787209093336
48139,Ellis County,2023,0.0,0.0,0.0,1.0,43300.0,0.014285714284693878
48139,Ellis County,2024,4.0,233469.39999999997,4.0,4.0,11300.0,0.021957019796306473
48491,Williamson County,2019,3.0,1882.6,3.0,3.0,6380.0,0.0190668058802795
48491,Williamson County,2020,2.0,55361.42,2.0,0.0,1780.0,0.001910469651705575
48491,Williamson County,2021,1.0,0.0,1.0,11.0,7300.0,0.07673466931193994
48491,Williamson County,2022,1.0,39092.55,1.0,4.0,5050.0,0.11872173293800097
48491,Williamson County,2023,4.0,107979.0,4.0,2.0,3840.0,0.05109631901693137
48491,Williamson County,2024,0.0,0.0,0.0,5.0,6740.0,0.024390243901844143
48213,Henderson County,2019,2.0,59395.79,2.0,1.0,53500.0,0.006537555485787545
48213,Henderson County,2020,2.0,52226.36,2.0,1.0,53400.0,0.010202790586492021
48213,Henderson County,2021,2.0,86300.38,2.0,0.0,40800.0,0.006235028143946917
48213,Henderson County,2022,2.0,140252.59,2.0,1.0,39800.0,0.04024135677482552
48213,Henderson County,2023,0.0,0.0,0.0,1.0,39100.0,0.014285714284693878
48213,Henderson County,2024,4.0,5735.08,4.0,1.0,59700.0,0.006056723485084544
48005,Angelina County,2019,2.0,14217.779999999999,2.0,0.0,0.0,0.00022822681603069364
48005,Angelina County,2020,1.0,0.0,1.0,0.0,8440.0,0.0005931198102009571
48005,Angelina County,2021,17.0,615857.0,17.0,2.0,21200.0,0.060667627875198755
48005,Angelina County,2022,3.0,12686.82,3.0,0.0,4830.0,0.00859328941274716
48005,Angelina County,2023,1.0,8106.22,1.0,0.0,10100.0,0.0035618785234070543
48005,Angelina County,2024,4.0,66577.05,4.0,2.0,25200.0,0.011273039499383087
48441,Taylor County,2019,2.0,1971.12,2.0,1.0,2580.0,0.006462144255998056
48441,Taylor County,2020,0.0,0.0,0.0,1.0,1080.0,0.008333333332986111
48441,Taylor County,2021,2.0,9446.68,2.0,3.0,3440.0,0.022926324889222794
48441,Taylor County,2022,0.0,0.0,0.0,1.0,1130.0,0.028571428567346943
48441,Taylor County,2023,2.0,0.0,2.0,1.0,1450.0,0.019633307867552983
48441,Taylor County,2024,1.0,0.0,1.0,0.0,931.0,0.0002866972477062576
48199,Hardin County,2019,53.0,1649785.3900000001,53.0,1.0,10700.0,0.013969758461735964
48199,Hardin County,2020,2.0,3421.35,2.0,0.0,3220.0,0.0012309972226744134
48199,Hardin County,2021,4.0,22825.66,4.0,1.0,14000.0,0.011574471352744753
48199,Hardin County,2022,1.0,65106.42,1.0,1.0,6300.0,0.03418010573033339
48199,Hardin County,2023,10.0,153092.45,10.0,0.0,8660.0,0.04351010192357224
48199,Hardin County,2024,39.0,2349619.79,39.0,2.0,41600.0,0.03400063098999478
48055,Caldwell County,2019,0.0,0.0,0.0,1.0,13000.0,0.006249999999804689
48055,Caldwell County,2020,0.0,0.0,0.0,2.0,10500.0,0.016666666665972222
48055,Caldwell County,2021,0.0,0.0,0.0,6.0,20400.0,0.04137931034340072
48055,Caldwell County,2022,1.0,0.0,1.0,0.0,1370.0,0.002673796791429552
48055,Caldwell County,2023,0.0,0.0,0.0,0.0,1630.0,0.0
48055,Caldwell County,2024,0.0,0.0,0.0,0.0,2140.0,0.0
48063,Camp County,2019,0.0,0.0,0.0,1.0,14500.0,0.006249999999804689
48063,Camp County,2020,0.0,0.0,0.0,1.0,8250.0,0.008333333332986111
48063,Camp County,2021,0.0,0.0,0.0,0.0,5820.0,0.0
48063,Camp County,2022,0.0,0.0,0.0,0.0,294.0,0.0
48063,Camp County,2023,0.0,0.0,0.0,0.0,2930.0,0.0
48063,Camp County,2024,0.0,0.0,0.0,1.0,11300.0,0.004878048780368829
48395,Robertson County,2019,0.0,0.0,0.0,2.0,22700.0,0.012499999999609377
48395,Robertson County,2020,0.0,0.0,0.0,0.0,7240.0,0.0
48395,Robertson County,2021,1.0,0.0,1.0,2.0,29400.0,0.014665703796838854
48395,Robertson County,2022,0.0,0.0,0.0,0.0,3350.0,0.0
48395,Robertson County,2023,1.0,0.0,1.0,0.0,3270.0,0.002673796791429552
48395,Robertson County,2024,0.0,0.0,0.0,2.0,67100.0,0.009756097560737658
48223,Hopkins County,2019,1.0,21919.53,1.0,0.0,0.0,0.00013356303787598713
48223,Hopkins County,2020,0.0,0.0,0.0,0.0,0.0,0.0
48223,Hopkins County,2021,0.0,0.0,0.0,0.0,0.0,0.0
48223,Hopkins County,2022,0.0,0.0,0.0,0.0,0.0,0.0
48223,Hopkins County,2023,0.0,0.0,0.0,0.0,0.0,0.0
48223,Hopkins County,2024,0.0,0.0,0.0,0.0,0.0,0.0
48225,Houston County,2019,0.0,0.0,0.0,1.0,59800.0,0.006249999999804689
48225,Houston County,2020,0.0,0.0,0.0,0.0,40400.0,0.0
48225,Houston County,2021,1.0,118015.07,1.0,1.0,51300.0,0.013908954705467491
48225,Houston County,2022,0.0,0.0,0.0,0.0,18500.0,0.0
48225,Houston County,2023,2.0,151462.46,2.0,0.0,18700.0,0.021941153072531625
48225,Houston County,2024,0.0,0.0,0.0,1.0,69800.0,0.004878048780368829
48341,Moore County,2019,0.0,0.0,0.0,1.0,674.0,0.006249999999804689
48341,Moore County,2020,0.0,0.0,0.0,0.0,0.0,0.0
48341,Moore County,2021,0.0,0.0,0.0,1.0,126.0,0.0068965517239001186
48341,Moore County,2022,0.0,0.0,0.0,0.0,74.7,0.0
48341,Moore County,2023,0.0,0.0,0.0,1.0,416.0,0.014285714284693878
48341,Moore County,2024,0.0,0.0,0.0,0.0,0.0,0.0
48461,Upton County,2019,0.0,0.0,0.0,0.0,0.0,0.0
48461,Upton County,2020,0.0,0.0,0.0,0.0,0.0,0.0
48461,Upton County,2021,0.0,0.0,0.0,0.0,0.0,0.0
48461,Upton County,2022,0.0,0.0,0.0,0.0,0.0,0.0
48461,Upton County,2023,0.0,0.0,0.0,0.0,0.0,0.0
48461,Upton County,2024,0.0,0.0,0.0,0.0,0.0,0.0
48387,Red River County,2019,0.0,0.0,0.0,0.0,0.0,0.0
48387,Red River County,2020,0.0,0.0,0.0,1.0,11600.0,0.008333333332986111
48387,Red River County,2021,0.0,0.0,0.0,0.0,9680.0,0.0
48387,Red River County,2022,0.0,0.0,0.0,0.0,2850.0,0.0
48387,Red River County,2023,0.0,0.0,0.0,1.0,17100.0,0.014285714284693878
48387,Red River County,2024,0.0,0.0,0.0,0.0,9430.0,0.0
48383,Reagan County,2019,0.0,0.0,0.0,0.0,0.0,0.0
48383,Reagan County,2020,0.0,0.0,0.0,0.0,0.0,0.0
48383,Reagan County,2021,0.0,0.0,0.0,0.0,0.0,0.0
48383,Reagan County,2022,0.0,0.0,0.0,0.0,0.0,0.0
48383,Reagan County,2023,0.0,0.0,0.0,0.0,0.0,0.0
48383,Reagan County,2024,0.0,0.0,0.0,0.0,0.0,0.0
48313,Madison County,2019,1.0,0.0,1.0,0.0,0.0,0.00010477787091364107
48313,Madison County,2020,0.0,0.0,0.0,0.0,0.0,0.0
48313,Madison County,2021,0.0,0.0,0.0,0.0,0.0,0.0
48313,Madison County,2022,0.0,0.0,0.0,0.0,0.0,0.0
48313,Madison County,2023,0.0,0.0,0.0,0.0,0.0,0.0
48313,Madison County,2024,1.0,17146.59,1.0,0.0,0.0,0.00038202830898890366
48243,Jeff Davis County,2019,0.0,0.0,0.0,0.0,0.0,0.0
48243,Jeff Davis County,2020,0.0,0.0,0.0,0.0,0.0,0.0
48243,Jeff Davis County,2021,0.0,0.0,0.0,0.0,0.0,0.0
48243,Jeff Davis County,2022,0.0,0.0,0.0,0.0,0.0,0.0
48243,Jeff Davis County,2023,0.0,0.0,0.0,0.0,0.0,0.0
48243,Jeff Davis County,2024,0.0,0.0,0.0,0.0,0.0,0.0
48167,Galveston County,2019,121.0,1229469.1,121.0,0.0,7300.0,0.014292685891654382
48167,Galveston County,2020,171.0,2329278.72,171.0,1.0,9990.0,0.14022810575950329
48167,Galveston County,2021,223.0,3099002.13,223.0,0.0,4870.0,0.3558172654564147
48167,Galveston County,2022,20.0,619245.99,20.0,0.0,2940.0,0.08139043183706948
48167,Galveston County,2023,15.0,268253.74,15.0,0.0,0.0,0.06949564919629292
48167,Galveston County,2024,788.0,13361178.6,788.0,1.0,7730.0,0.30508053233170584
48261,Kenedy County,2019,0.0,0.0,0.0,0.0,0.0,0.0
48261,Kenedy County,2020,1.0,59328.490000000005,1.0,0.0,0.0,0.001369246473315793
48261,Kenedy County,2021,0.0,0.0,0.0,0.0,0.0,0.0
48261,Kenedy County,2022,0.0,0.0,0.0,0.0,0.0,0.0
48261,Kenedy County,2023,0.0,0.0,0.0,0.0,0.0,0.0
48261,Kenedy County,2024,0.0,0.0,0.0,0.0,0.0,0.0
48479,Webb County,2019,3.0,15113.859999999999,3.0,0.0,551.0,0.000334181437194528
48479,Webb County,2020,0.0,0.0,0.0,0.0,488.0,0.0
48479,Webb County,2021,1.0,0.0,1.0,2.0,1710.0,0.014665703796838854
48479,Webb County,2022,5.0,126640.74,5.0,3.0,26600.0,0.10479200655587927
48479,Webb County,2023,2.0,6929.97,2.0,2.0,2650.0,0.03467823911898994
48479,Webb County,2024,1.0,0.0,1.0,2.0,4090.0,0.010042794808443915
48409,San Patricio County,2019,4.0,62733.71,4.0,0.0,0.0,0.0005014946513829507
48409,San Patricio County,2020,17.0,178934.44,17.0,0.0,593.0,0.012423831050053378
48409,San Patricio County,2021,24.0,174243.91,24.0,2.0,1060.0,0.043800652550569114
48409,San Patricio County,2022,1.0,13406.41,1.0,0.0,0.0,0.0032781336534785507
48409,San Patricio County,2023,3.0,37087.23,3.0,0.0,368.0,0.012084503817132296
48409,San Patricio County,2024,9.0,282609.67,9.0,0.0,222.0,0.004151519410843038
48141,El Paso County,2019,3.0,0.0,3.0,0.0,11.7,0.0003143336127409232
48141,El Paso County,2020,2.0,0.0,2.0,0.0,0.0,0.0011862396204019143
48141,El Paso County,2021,45.0,2269547.7600000002,45.0,0.0,0.0,0.15734155747074924
48141,El Paso County,2022,11.0,157386.59,11.0,0.0,0.0,0.03650646924849173
48141,El Paso County,2023,2.0,0.0,2.0,0.0,0.0,0.005347593582859104
48141,El Paso County,2024,6.0,0.0,6.0,0.0,0.0,0.0017201834862375458
48321,Matagorda County,2019,70.0,1902603.1,70.0,3.0,33400.0,0.02858298756048472
48321,Matagorda County,2020,5.0,150696.66,5.0,0.0,9360.0,0.004936990803404871
48321,Matagorda County,2021,81.0,872381.7,81.0,4.0,30400.0,0.14365300032638073
48321,Matagorda County,2022,0.0,0.0,0.0,0.0,2860.0,0.0
48321,Matagorda County,2023,3.0,1741.43,3.0,0.0,23900.0,0.008212173769079024
48321,Matagorda County,2024,123.0,1569868.69,123.0,4.0,41300.0,0.06350406219472177
48245,Jefferson County,2019,2771.0,228446095.47,2771.0,2.0,29500.0,0.6028394803013088
48245,Jefferson County,2020,110.0,957261.1699999999,110.0,0.0,0.0,0.07776593029277393
48245,Jefferson County,2021,131.0,2836422.5,131.0,2.0,12700.0,0.2756702788740724
48245,Jefferson County,2022,39.0,529460.59,39.0,0.0,3240.0,0.1281452064497643
48245,Jefferson County,2023,8.0,383944.36,8.0,0.0,5470.0,0.06345362603343731
48245,Jefferson County,2024,46.0,657451.05,46.0,2.0,17000.0,0.026599446222079735
48455,Trinity County,2019,0.0,0.0,0.0,0.0,0.0,0.0
48455,Trinity County,2020,0.0,0.0,0.0,0.0,0.0,0.0
48455,Trinity County,2021,1.0,28150.31,1.0,0.0,0.0,0.0023371365938122763
48455,Trinity County,2022,0.0,0.0,0.0,0.0,0.0,0.0
48455,Trinity County,2023,0.0,0.0,0.0,0.0,0.0,0.0
48455,Trinity County,2024,14.0,454004.86,14.0,0.0,0.0,0.006537923131010077
48015,Austin County,2019,10.0,323502.27,10.0,0.0,0.0,0.0014726083863533929
48015,Austin County,2020,0.0,0.0,0.0,0.0,2000.0,0.0
48015,Austin County,2021,14.0,347335.32,14.0,1.0,36500.0,0.03718327857954366
48015,Austin County,2022,0.0,0.0,0.0,0.0,0.0,0.0
48015,Austin County,2023,1.0,2187.26,1.0,0.0,5860.0,0.0029134233558560188
48015,Austin County,2024,2.0,0.0,2.0,1.0,30100.0,0.005451443275781344
48035,Bosque County,2019,1.0,0.0,1.0,1.0,22900.0,0.00635477787071833
48035,Bosque County,2020,0.0,0.0,0.0,0.0,15800.0,0.0
48035,Bosque County,2021,0.0,0.0,0.0,3.0,24100.0,0.02068965517170036
48035,Bosque County,2022,0.0,0.0,0.0,0.0,75.4,0.0
48035,Bosque County,2023,0.0,0.0,0.0,0.0,4610.0,0.0
48035,Bosque County,2024,7.0,864926.03,7.0,3.0,121000.0,0.02144981508309654
48001,Anderson County,2019,2.0,46922.72,2.0,1.0,54500.0,0.006521175599791677
48001,Anderson County,2020,0.0,0.0,0.0,2.0,47100.0,0.016666666665972222
48001,Anderson County,2021,0.0,0.0,0.0,1.0,33700.0,0.0068965517239001186
48001,Anderson County,2022,0.0,0.0,0.0,0.0,20400.0,0.0
48001,Anderson County,2023,0.0,0.0,0.0,0.0,17000.0,0.0
48001,Anderson County,2024,2.0,35553.22,2.0,3.0,57000.0,0.015405208489073556
48119,Delta County,2019,0.0,0.0,0.0,1.0,6150.0,0.006249999999804689
48119,Delta County,2020,0.0,0.0,0.0,1.0,6920.0,0.008333333332986111
48119,Delta County,2021,0.0,0.0,0.0,0.0,5390.0,0.0
48119,Delta County,2022,0.0,0.0,0.0,0.0,1370.0,0.0
48119,Delta County,2023,0.0,0.0,0.0,0.0,5950.0,0.0
48119,Delta County,2024,0.0,0.0,0.0,1.0,7200.0,0.004878048780368829
48469,Victoria County,2019,0.0,0.0,0.0,0.0,0.0,0.0
48469,Victoria County,2020,1.0,35442.31,1.0,0.0,4610.0,0.0010567709463310284
48469,Victoria County,2021,13.0,170999.16,13.0,4.0,34000.0,0.047826342153646964
48469,Victoria County,2022,3.0,5254.46,3.0,0.0,1610.0,0.0082582519851272
48469,Victoria County,2023,2.0,12525.41,2.0,1.0,18900.0,0.02100553657668354
48469,Victoria County,2024,1.0,74695.73,1.0,3.0,26100.0,0.015336134513374535
48411,San Saba County,2019,0.0,0.0,0.0,0.0,0.0,0.0
48411,San Saba County,2020,0.0,0.0,0.0,0.0,0.0,0.0
48411,San Saba County,2021,2.0,48700.0,2.0,0.0,0.0,0.004278846513007059
48411,San Saba County,2022,0.0,0.0,0.0,0.0,0.0,0.0
48411,San Saba County,2023,0.0,0.0,0.0,0.0,0.0,0.0
48411,San Saba County,2024,0.0,0.0,0.0,0.0,0.0,0.0
48459,Upshur County,2019,0.0,0.0,0.0,2.0,7170.0,0.012499999999609377
48459,Upshur County,2020,0.0,0.0,0.0,1.0,5300.0,0.008333333332986111
48459,Upshur County,2021,0.0,0.0,0.0,1.0,11400.0,0.0068965517239001186
48459,Upshur County,2022,0.0,0.0,0.0,0.0,1080.0,0.0
48459,Upshur County,2023,0.0,0.0,0.0,0.0,1430.0,0.0
48459,Upshur County,2024,0.0,0.0,0.0,2.0,5380.0,0.009756097560737658
48083,Coleman County,2019,0.0,0.0,0.0,2.0,2390.0,0.012499999999609377
48083,Coleman County,2020,0.0,0.0,0.0,0.0,157.0,0.0
48083,Coleman County,2021,0.0,0.0,0.0,1.0,2980.0,0.0068965517239001186
48083,Coleman County,2022,0.0,0.0,0.0,2.0,402.0,0.057142857134693886
48083,Coleman County,2023,0.0,0.0,0.0,0.0,1080.0,0.0
48083,Coleman County,2024,0.0,0.0,0.0,3.0,8440.0,0.014634146341106486
48153,Floyd County,2019,0.0,0.0,0.0,0.0,114.0,0.0
48153,Floyd County,2020,0.0,0.0,0.0,0.0,0.0,0.0
48153,Floyd County,2021,0.0,0.0,0.0,0.0,0.0,0.0
48153,Floyd County,2022,0.0,0.0,0.0,0.0,0.0,0.0
48153,Floyd County,2023,0.0,0.0,0.0,0.0,0.0,0.0
48153,Floyd County,2024,0.0,0.0,0.0,0.0,0.0,0.0
48471,Walker County,2019,3.0,3740.34,3.0,0.0,0.0,0.0003192455023387358
48471,Walker County,2020,0.0,0.0,0.0,0.0,11900.0,0.0
48471,Walker County,2021,8.0,273835.26,8.0,1.0,10400.0,0.02812379312974541
48471,Walker County,2022,4.0,151850.81,4.0,0.0,7100.0,0.017540348697776282
48471,Walker County,2023,3.0,216067.24000000002,3.0,1.0,12400.0,0.04597847907551683
48471,Walker County,2024,121.0,9867139.72,121.0,4.0,33500.0,0.1090615691228374
48477,Washington County,2019,1.0,5700.0,1.0,1.0,78800.0,0.0063622632251800985
48477,Washington County,2020,0.0,0.0,0.0,0.0,30200.0,0.0
48477,Washington County,2021,1.0,0.0,1.0,1.0,59700.0,0.0077691520729387354
48477,Washington County,2022,0.0,0.0,0.0,0.0,24700.0,0.0
48477,Washington County,2023,0.0,0.0,0.0,0.0,32000.0,0.0
48477,Washington County,2024,0.0,0.0,0.0,2.0,74600.0,0.009756097560737658
48335,Mitchell County,2019,0.0,0.0,0.0,0.0,0.0,0.0
48335,Mitchell County,2020,0.0,0.0,0.0,1.0,2690.0,0.008333333332986111
48335,Mitchell County,2021,0.0,0.0,0.0,1.0,1910.0,0.0068965517239001186
48335,Mitchell County,2022,0.0,0.0,0.0,1.0,1050.0,0.028571428567346943
48335,Mitchell County,2023,0.0,0.0,0.0,0.0,898.0,0.0
48335,Mitchell County,2024,0.0,0.0,0.0,2.0,4950.0,0.009756097560737658
48343,Morris County,2019,0.0,0.0,0.0,0.0,11400.0,0.0
48343,Morris County,2020,0.0,0.0,0.0,0.0,10400.0,0.0
48343,Morris County,2021,1.0,533.13,1.0,1.0,13000.0,0.007796888471158726
48343,Morris County,2022,0.0,0.0,0.0,0.0,1370.0,0.0
48343,Morris County,2023,0.0,0.0,0.0,1.0,12800.0,0.014285714284693878
48343,Morris County,2024,0.0,0.0,0.0,1.0,14900.0,0.004878048780368829
48263,Kent County,2019,0.0,0.0,0.0,0.0,0.0,0.0
48263,Kent County,2020,0.0,0.0,0.0,0.0,0.0,0.0
48263,Kent County,2021,0.0,0.0,0.0,0.0,0.0,0.0
48263,Kent County,2022,0.0,0.0,0.0,0.0,0.0,0.0
48263,Kent County,2023,0.0,0.0,0.0,0.0,0.0,0.0
48263,Kent County,2024,0.0,0.0,0.0,0.0,0.0,0.0
48011,Armstrong County,2019,0.0,0.0,0.0,1.0,10400.0,0.006249999999804689
48011,Armstrong County,2020,0.0,0.0,0.0,0.0,0.0,0.0
48011,Armstrong County,2021,0.0,0.0,0.0,0.0,4090.0,0.0
48011,Armstrong County,2022,0.0,0.0,0.0,1.0,9130.0,0.028571428567346943
48011,Armstrong County,2023,0.0,0.0,0.0,1.0,7360.0,0.014285714284693878
48011,Armstrong County,2024,0.0,0.0,0.0,0.0,2110.0,0.0
48091,Comal County,2019,0.0,0.0,0.0,2.0,1390.0,0.012499999999609377
48091,Comal County,2020,9.0,175815.15,9.0,2.0,7180.0,0.02430473313706088
48091,Comal County,2021,9.0,67656.43,9.0,14.0,20400.0,0.10792499238318931
48091,Comal County,2022,0.0,0.0,0.0,1.0,105.0,0.028571428567346943
48091,Comal County,2023,2.0,8860.08,2.0,0.0,653.0,0.006318264893514284
48091,Comal County,2024,0.0,0.0,0.0,2.0,7320.0,0.009756097560737658
48453,Travis County,2019,39.0,568896.03,39.0,26.0,27000.0,0.16733342265115794
48453,Travis County,2020,10.0,50437.89,10.0,4.0,7940.0,0.039924352563065056
48453,Travis County,2021,15.0,107951.7,15.0,28.0,7980.0,0.2118087034620631
48453,Travis County,2022,7.0,34362.46,7.0,6.0,5420.0,0.19169414686737177
48453,Travis County,2023,36.0,1406789.43,36.0,6.0,11400.0,0.3360926191953419
48453,Travis County,2024,4.0,21157.41,4.0,8.0,6190.0,0.04028880952348878
48475,Ward County,2019,0.0,0.0,0.0,0.0,0.0,0.0
48475,Ward County,2020,0.0,0.0,0.0,0.0,0.0,0.0
48475,Ward County,2021,0.0,0.0,0.0,0.0,0.0,0.0
48475,Ward County,2022,0.0,0.0,0.0,0.0,0.0,0.0
48475,Ward County,2023,0.0,0.0,0.0,0.0,0.0,0.0
48475,Ward County,2024,0.0,0.0,0.0,0.0,0.0,0.0
48161,Freestone County,2019,4.0,131960.32,4.0,0.0,0.0,0.0005924044257753404
48161,Freestone County,2020,0.0,0.0,0.0,0.0,6240.0,0.0
48161,Freestone County,2021,1.0,28427.82,1.0,1.0,22000.0,0.009248125936810982
48161,Freestone County,2022,0.0,0.0,0.0,0.0,1240.0,0.0
48161,Freestone County,2023,0.0,0.0,0.0,0.0,3090.0,0.0
48161,Freestone County,2024,0.0,0.0,0.0,1.0,6920.0,0.004878048780368829
48073,Cherokee County,2019,4.0,53865.45,4.0,4.0,21300.0,0.025489848673486068
48073,Cherokee County,2020,3.0,0.0,3.0,0.0,9350.0,0.0017793594306028714
48073,Cherokee County,2021,0.0,0.0,0.0,3.0,15700.0,0.02068965517170036
48073,Cherokee County,2022,0.0,0.0,0.0,0.0,6140.0,0.0
48073,Cherokee County,2023,0.0,0.0,0.0,1.0,7480.0,0.014285714284693878
48073,Cherokee County,2024,3.0,13409.17,3.0,4.0,26100.0,0.020446838737999788
48293,Limestone County,2019,1.0,9657.49,1.0,1.0,14700.0,0.006367460280518503
48293,Limestone County,2020,7.0,81124.09,7.0,1.0,16600.0,0.013546425531491303
48293,Limestone County,2021,2.0,63842.6,2.0,2.0,13100.0,0.018859752529948086
48293,Limestone County,2022,0.0,0.0,0.0,0.0,1390.0,0.0
48293,Limestone County,2023,0.0,0.0,0.0,0.0,1330.0,0.0
48293,Limestone County,2024,2.0,22037.04,2.0,2.0,22400.0,0.010452012884532267
48499,Wood County,2019,0.0,0.0,0.0,3.0,25400.0,0.018749999999414065
48499,Wood County,2020,0.0,0.0,0.0,2.0,14000.0,0.016666666665972222
48499,Wood County,2021,0.0,0.0,0.0,1.0,15600.0,0.0068965517239001186
48499,Wood County,2022,0.0,0.0,0.0,0.0,2400.0,0.0
48499,Wood County,2023,0.0,0.0,0.0,0.0,5310.0,0.0
48499,Wood County,2024,0.0,0.0,0.0,3.0,34100.0,0.014634146341106486
48333,Mills County,2019,0.0,0.0,0.0,2.0,5440.0,0.012499999999609377
48333,Mills County,2020,0.0,0.0,0.0,0.0,1270.0,0.0
48333,Mills County,2021,0.0,0.0,0.0,1.0,2850.0,0.0068965517239001186
48333,Mills County,2022,0.0,0.0,0.0,0.0,2460.0,0.0
48333,Mills County,2023,0.0,0.0,0.0,0.0,1660.0,0.0
48333,Mills County,2024,0.0,0.0,0.0,1.0,6090.0,0.004878048780368829
48317,Martin County,2019,0.0,0.0,0.0,0.0,0.0,0.0
48317,Martin County,2020,0.0,0.0,0.0,0.0,0.0,0.0
48317,Martin County,2021,0.0,0.0,0.0,0.0,0.0,0.0
48317,Martin County,2022,0.0,0.0,0.0,0.0,0.0,0.0
48317,Martin County,2023,0.0,0.0,0.0,0.0,0.0,0.0
48317,Martin County,2024,0.0,0.0,0.0,0.0,0.0,0.0
48071,Chambers County,2019,347.0,31443251.98,347.0,1.0,5040.0,0.08389983111929605
48071,Chambers County,2020,2.0,0.0,2.0,0.0,1720.0,0.0011862396204019143
48071,Chambers County,2021,7.0,0.0,7.0,1.0,22500.0,0.013004754167170436
48071,Chambers County,2022,0.0,0.0,0.0,1.0,13700.0,0.028571428567346943
48071,Chambers County,2023,1.0,0.0,1.0,0.0,16600.0,0.002673796791429552
48071,Chambers County,2024,30.0,567747.85,30.0,2.0,34600.0,0.021513561283721047
48323,Maverick County,2019,0.0,0.0,0.0,0.0,0.0,0.0
48323,Maverick County,2020,1.0,0.0,1.0,0.0,0.0,0.0005931198102009571
48323,Maverick County,2021,0.0,0.0,0.0,0.0,0.0,0.0
48323,Maverick County,2022,0.0,0.0,0.0,0.0,0.0,0.0
48323,Maverick County,2023,0.0,0.0,0.0,0.0,0.0,0.0
48323,Maverick County,2024,0.0,0.0,0.0,0.0,0.0,0.0
48203,Harrison County,2019,16.0,416688.68,16.0,1.0,8260.0,0.00847364987652935
48203,Harrison County,2020,0.0,0.0,0.0,0.0,5890.0,0.0
48203,Harrison County,2021,2.0,15692.69,2.0,1.0,10100.0,0.009458173743198937
48203,Harrison County,2022,0.0,0.0,0.0,0.0,1840.0,0.0
48203,Harrison County,2023,0.0,0.0,0.0,0.0,3490.0,0.0
48203,Harrison County,2024,3.0,29182.01,3.0,1.0,9120.0,0.005900385726974755
48037,Bowie County,2019,2.0,19692.03,2.0,4.0,66700.0,0.025235415710277927
48037,Bowie County,2020,4.0,44671.42,4.0,4.0,70800.0,0.03629019758138748
48037,Bowie County,2021,20.0,834612.39,20.0,2.0,68000.0,0.0746663052748165
48037,Bowie County,2022,0.0,0.0,0.0,0.0,44400.0,0.0
48037,Bowie County,2023,4.0,74172.22,4.0,2.0,53000.0,0.04739259721626689
48037,Bowie County,2024,9.0,486715.85000000003,9.0,2.0,62500.0,0.015042399966552104
48277,Lamar County,2019,2.0,9036.41,2.0,1.0,51200.0,0.006471422536704229
48277,Lamar County,2020,1.0,348.04,1.0,1.0,60400.0,0.008931006151764068
48277,Lamar County,2021,1.0,46200.08,1.0,0.0,50800.0,0.0032761863724764632
48277,Lamar County,2022,8.0,155118.4,8.0,0.0,23000.0,0.02838283294653631
48277,Lamar County,2023,1.0,1412.24,1.0,1.0,61800.0,0.017114229865542903
48277,Lamar County,2024,8.0,211563.2,8.0,0.0,41700.0,0.0034698202773107553
48359,Oldham County,2019,0.0,0.0,0.0,0.0,2.37,0.0
48359,Oldham County,2020,0.0,0.0,0.0,0.0,0.0,0.0
48359,Oldham County,2021,0.0,0.0,0.0,0.0,0.0,0.0
48359,Oldham County,2022,0.0,0.0,0.0,0.0,0.0,0.0
48359,Oldham County,2023,0.0,0.0,0.0,0.0,0.0,0.0
48359,Oldham County,2024,0.0,0.0,0.0,0.0,0.0,0.0
48315,Marion County,2019,4.0,30749.1,4.0,3.0,18700.0,0.01920949181866168
48315,Marion County,2020,0.0,0.0,0.0,1.0,10700.0,0.008333333332986111
48315,Marion County,2021,1.0,2381.48,1.0,2.0,14600.0,0.014789601678467993
48315,Marion County,2022,0.0,0.0,0.0,0.0,2300.0,0.0
48315,Marion County,2023,0.0,0.0,0.0,1.0,6530.0,0.014285714284693878
48315,Marion County,2024,0.0,0.0,0.0,2.0,15100.0,0.009756097560737658
48135,Ector County,2019,1.0,6152.0,1.0,0.0,0.0,0.0001128568008520272
48135,Ector County,2020,0.0,0.0,0.0,0.0,0.0,0.0
48135,Ector County,2021,5.0,91286.04000000001,5.0,0.0,0.0,0.009112211051302256
48135,Ector County,2022,1.0,61795.659999999996,1.0,0.0,0.0,0.005459434053951496
48135,Ector County,2023,3.0,151538.9,3.0,0.0,0.0,0.024623324293423038
48135,Ector County,2024,11.0,381616.07,11.0,0.0,0.0,0.0052753665143702964
48401,Rusk County,2019,0.0,0.0,0.0,1.0,12200.0,0.006249999999804689
48401,Rusk County,2020,0.0,0.0,0.0,1.0,6180.0,0.008333333332986111
48401,Rusk County,2021,1.0,0.0,1.0,0.0,3330.0,0.0008726003490386168
48401,Rusk County,2022,0.0,0.0,0.0,0.0,4550.0,0.0
48401,Rusk County,2023,1.0,0.0,1.0,1.0,10100.0,0.01695951107612343
48401,Rusk County,2024,2.0,3117.73,2.0,0.0,5060.0,0.0005907283506976037
48103,Crane County,2019,0.0,0.0,0.0,0.0,0.0,0.0
48103,Crane County,2020,0.0,0.0,0.0,0.0,0.0,0.0
48103,Crane County,2021,0.0,0.0,0.0,0.0,0.0,0.0
48103,Crane County,2022,0.0,0.0,0.0,0.0,0.0,0.0
48103,Crane County,2023,0.0,0.0,0.0,0.0,0.0,0.0
48103,Crane County,2024,0.0,0.0,0.0,0.0,0.0,0.0
48115,Dawson County,2019,0.0,0.0,0.0,0.0,0.0,0.0
48115,Dawson County,2020,0.0,0.0,0.0,0.0,0.0,0.0
48115,Dawson County,2021,1.0,15000.0,1.0,0.0,0.0,0.001652984070269569
48115,Dawson County,2022,0.0,0.0,0.0,0.0,0.0,0.0
48115,Dawson County,2023,0.0,0.0,0.0,0.0,0.0,0.0
48115,Dawson County,2024,0.0,0.0,0.0,0.0,0.0,0.0
48089,Colorado County,2019,1.0,0.0,1.0,0.0,716.0,0.00010477787091364107
48089,Colorado County,2020,1.0,2751.98,1.0,0.0,7360.0,0.0006291208116483017
48089,Colorado County,2021,0.0,0.0,0.0,3.0,36500.0,0.02068965517170036
48089,Colorado County,2022,3.0,554945.2000000001,3.0,0.0,1230.0,0.03303732236332628
48089,Colorado County,2023,1.0,15375.81,1.0,2.0,21400.0,0.03292973132973463
48089,Colorado County,2024,1.0,0.0,1.0,1.0,58600.0,0.005164746028075086
48287,Lee County,2019,0.0,0.0,0.0,1.0,14100.0,0.006249999999804689
48287,Lee County,2020,0.0,0.0,0.0,0.0,234.0,0.0
48287,Lee County,2021,1.0,20916.72,1.0,1.0,1510.0,0.008857356592241794
48287,Lee County,2022,0.0,0.0,0.0,0.0,579.0,0.0
48287,Lee County,2023,0.0,0.0,0.0,1.0,909.0,0.014285714284693878
48287,Lee County,2024,0.0,0.0,0.0,0.0,853.0,0.0
48347,Nacogdoches County,2019,1.0,0.0,1.0,0.0,0.0,0.00010477787091364107
48347,Nacogdoches County,2020,0.0,0.0,0.0,0.0,0.0,0.0
48347,Nacogdoches County,2021,0.0,0.0,0.0,1.0,19700.0,0.0068965517239001186
48347,Nacogdoches County,2022,0.0,0.0,0.0,1.0,5450.0,0.028571428567346943
48347,Nacogdoches County,2023,16.0,1956532.96,16.0,1.0,7670.0,0.27141558988809744
48347,Nacogdoches County,2024,3.0,316453.32,3.0,1.0,22100.0,0.007497547545059635
48025,Bee County,2019,0.0,0.0,0.0,1.0,752.0,0.006249999999804689
48025,Bee County,2020,1.0,19464.84,1.0,0.0,611.0,0.0008477560114132951
48025,Bee County,2021,2.0,18383.9,2.0,2.0,7060.0,0.016494737232059985
48025,Bee County,2022,0.0,0.0,0.0,1.0,494.0,0.028571428567346943
48025,Bee County,2023,0.0,0.0,0.0,0.0,477.0,0.0
48025,Bee County,2024,0.0,0.0,0.0,1.0,1430.0,0.004878048780368829
48405,San Augustine County,2019,1.0,0.0,1.0,0.0,0.0,0.00010477787091364107
48405,San Augustine County,2020,0.0,0.0,0.0,1.0,11500.0,0.008333333332986111
48405,San Augustine County,2021,0.0,0.0,0.0,1.0,13400.0,0.0068965517239001186
48405,San Augustine County,2022,0.0,0.0,0.0,0.0,4400.0,0.0
48405,San Augustine County,2023,0.0,0.0,0.0,0.0,8610.0,0.0
48405,San Augustine County,2024,0.0,0.0,0.0,2.0,10200.0,0.009756097560737658
48319,Mason County,2019,0.0,0.0,0.0,0.0,0.0,0.0
48319,Mason County,2020,0.0,0.0,0.0,1.0,4750.0,0.008333333332986111
48319,Mason County,2021,0.0,0.0,0.0,1.0,5700.0,0.0068965517239001186
48319,Mason County,2022,0.0,0.0,0.0,0.0,0.0,0.0
48319,Mason County,2023,0.0,0.0,0.0,1.0,7560.0,0.014285714284693878
48319,Mason County,2024,0.0,0.0,0.0,1.0,77500.0,0.004878048780368829
48173,Glasscock County,2019,0.0,0.0,0.0,0.0,0.0,0.0
48173,Glasscock County,2020,0.0,0.0,0.0,0.0,0.0,0.0
48173,Glasscock County,2021,0.0,0.0,0.0,0.0,0.0,0.0
48173,Glasscock County,2022,0.0,0.0,0.0,0.0,0.0,0.0
48173,Glasscock County,2023,0.0,0.0,0.0,0.0,0.0,0.0
48173,Glasscock County,2024,0.0,0.0,0.0,0.0,0.0,0.0
48339,Montgomery County,2019,1297.0,90051351.59,1297.0,4.0,34600.0,0.2791541418044756
48339,Montgomery County,2020,13.0,88929.92000000001,13.0,0.0,4780.0,0.008873925790605681
48339,Montgomery County,2021,53.0,465016.3,53.0,6.0,16100.0,0.111819872217584
48339,Montgomery County,2022,7.0,0.0,7.0,0.0,6130.0,0.018716577540006864
48339,Montgomery County,2023,42.0,1010335.59,42.0,11.0,34900.0,0.3801302361768397
48339,Montgomery County,2024,503.0,35978843.51,503.0,16.0,78300.0,0.42229151658013364
48227,Howard County,2019,0.0,0.0,0.0,0.0,0.0,0.0
48227,Howard County,2020,0.0,0.0,0.0,0.0,0.0,0.0
48227,Howard County,2021,0.0,0.0,0.0,0.0,0.0,0.0
48227,Howard County,2022,0.0,0.0,0.0,0.0,0.0,0.0
48227,Howard County,2023,6.0,332560.44,6.0,0.0,0.0,0.05247663666938877
48227,Howard County,2024,1.0,0.0,1.0,0.0,0.0,0.0002866972477062576
48289,Leon County,2019,1.0,53400.0,1.0,2.0,24800.0,0.012674903822849063
48289,Leon County,2020,0.0,0.0,0.0,0.0,9900.0,0.0
48289,Leon County,2021,2.0,25523.54,2.0,2.0,29400.0,0.01686618115415661
48289,Leon County,2022,0.0,0.0,0.0,0.0,2410.0,0.0
48289,Leon County,2023,0.0,0.0,0.0,0.0,3710.0,0.0
48289,Leon County,2024,0.0,0.0,0.0,2.0,74400.0,0.009756097560737658
48241,Jasper County,2019,10.0,344536.63999999996,10.0,2.0,39700.0,0.014000231143038208
48241,Jasper County,2020,1.0,12335.49,1.0,0.0,20900.0,0.0007544908933279071
48241,Jasper County,2021,11.0,308744.43,11.0,2.0,52000.0,0.03945431576674031
48241,Jasper County,2022,0.0,0.0,0.0,0.0,11000.0,0.0
48241,Jasper County,2023,0.0,0.0,0.0,0.0,18700.0,0.0
48241,Jasper County,2024,15.0,1052385.72,15.0,2.0,45300.0,0.019907576658011003
48449,Titus County,2019,1.0,0.0,1.0,2.0,18400.0,0.01260477787052302
48449,Titus County,2020,0.0,0.0,0.0,1.0,12700.0,0.008333333332986111
48449,Titus County,2021,0.0,0.0,0.0,1.0,16400.0,0.0068965517239001186
48449,Titus County,2022,0.0,0.0,0.0,0.0,1340.0,0.0
48449,Titus County,2023,1.0,1765.9,1.0,0.0,14900.0,0.002867261011559165
48449,Titus County,2024,0.0,0.0,0.0,2.0,18700.0,0.009756097560737658
48403,Sabine County,2019,0.0,0.0,0.0,0.0,0.0,0.0
48403,Sabine County,2020,0.0,0.0,0.0,0.0,0.0,0.0
48403,Sabine County,2021,0.0,0.0,0.0,1.0,3030.0,0.0068965517239001186
48403,Sabine County,2022,0.0,0.0,0.0,0.0,1870.0,0.0
48403,Sabine County,2023,0.0,0.0,0.0,0.0,3740.0,0.0
48403,Sabine County,2024,0.0,0.0,0.0,2.0,6120.0,0.009756097560737658
48215,Hidalgo County,2019,252.0,6833985.68,252.0,0.0,0.0,0.03537855069856234
48215,Hidalgo County,2020,843.0,22932528.73,843.0,0.0,0.0,0.7999999999994069
48215,Hidalgo County,2021,134.0,2511174.56,134.0,0.0,0.0,0.24757376329072794
48215,Hidalgo County,2022,17.0,121297.61,17.0,0.0,0.0,0.05092242365595691
48215,Hidalgo County,2023,13.0,34869.21,13.0,0.0,0.0,0.038579475236987654
48215,Hidalgo County,2024,7.0,204461.27000000002,7.0,0.0,0.0,0.003143637946911375
48057,Calhoun County,2019,3.0,39997.13,3.0,0.0,0.0,0.0003668586470397727
48057,Calhoun County,2020,4.0,32772.84,4.0,0.0,3370.0,0.002801208759286372
48057,Calhoun County,2021,38.0,1697855.29,38.0,1.0,4520.0,0.12838727360882474
48057,Calhoun County,2022,1.0,22378.960000000003,1.0,0.0,0.0,0.0036826000774934616
48057,Calhoun County,2023,4.0,0.0,4.0,1.0,3950.0,0.024980901450412086
48057,Calhoun County,2024,5.0,124199.31,5.0,0.0,3700.0,0.002124005579862267
48465,Val Verde County,2019,0.0,0.0,0.0,0.0,0.0,0.0
48465,Val Verde County,2020,0.0,0.0,0.0,0.0,0.0,0.0
48465,Val Verde County,2021,0.0,0.0,0.0,0.0,0.0,0.0
48465,Val Verde County,2022,1.0,6051.8,1.0,0.0,0.0,0.00294660105608714
48465,Val Verde County,2023,0.0,0.0,0.0,0.0,0.0,0.0
48465,Val Verde County,2024,0.0,0.0,0.0,0.0,0.0,0.0
48419,Shelby County,2019,0.0,0.0,0.0,1.0,35000.0,0.006249999999804689
48419,Shelby County,2020,0.0,0.0,0.0,0.0,19100.0,0.0
48419,Shelby County,2021,0.0,0.0,0.0,1.0,31300.0,0.0068965517239001186
48419,Shelby County,2022,1.0,0.0,1.0,0.0,14400.0,0.002673796791429552
48419,Shelby County,2023,0.0,0.0,0.0,1.0,20700.0,0.014285714284693878
48419,Shelby County,2024,0.0,0.0,0.0,1.0,50000.0,0.004878048780368829
48507,Zavala County,2019,0.0,0.0,0.0,0.0,0.0,0.0
48507,Zavala County,2020,0.0,0.0,0.0,0.0,0.0,0.0
48507,Zavala County,2021,0.0,0.0,0.0,0.0,0.0,0.0
48507,Zavala County,2022,0.0,0.0,0.0,0.0,0.0,0.0
48507,Zavala County,2023,0.0,0.0,0.0,0.0,0.0,0.0
48507,Zavala County,2024,0.0,0.0,0.0,0.0,0.0,0.0
48349,Navarro County,2019,1.0,5180.0,1.0,1.0,2160.0,0.006361580350737972
48349,Navarro County,2020,1.0,0.0,1.0,2.0,9640.0,0.01725978647617318
48349,Navarro County,2021,1.0,0.0,1.0,1.0,9240.0,0.0077691520729387354
48349,Navarro County,2022,0.0,0.0,0.0,0.0,3700.0,0.0
48349,Navarro County,2023,1.0,0.0,1.0,0.0,5340.0,0.002673796791429552
48349,Navarro County,2024,1.0,9774.8,1.0,3.0,10800.0,0.014975189208427234
48051,Burleson County,2019,2.0,0.0,2.0,4.0,84800.0,0.02520955574104604
48051,Burleson County,2020,0.0,0.0,0.0,0.0,33400.0,0.0
48051,Burleson County,2021,1.0,17979.120000000003,1.0,4.0,56600.0,0.02939418141597628
48051,Burleson County,2022,0.0,0.0,0.0,0.0,23500.0,0.0
48051,Burleson County,2023,0.0,0.0,0.0,2.0,16600.0,0.028571428569387755
48051,Burleson County,2024,0.0,0.0,0.0,2.0,54000.0,0.009756097560737658
48473,Waller County,2019,3.0,41116.71,3.0,1.0,75600.0,0.006618328901782761
48473,Waller County,2020,1.0,6205.7,1.0,0.0,29700.0,0.0006743018735450897
48473,Waller County,2021,7.0,201775.1,7.0,1.0,59900.0,0.02350222105982027
48473,Waller County,2022,3.0,0.0,3.0,0.0,25200.0,0.008021390374288655
48473,Waller County,2023,0.0,0.0,0.0,0.0,35100.0,0.0
48473,Waller County,2024,5.0,10046.97,5.0,1.0,71500.0,0.006367393840553572
48185,Grimes County,2019,0.0,0.0,0.0,0.0,0.0,0.0
48185,Grimes County,2020,1.0,0.0,1.0,0.0,0.0,0.0005931198102009571
48185,Grimes County,2021,1.0,0.0,1.0,0.0,0.0,0.0008726003490386168
48185,Grimes County,2022,0.0,0.0,0.0,0.0,0.0,0.0
48185,Grimes County,2023,0.0,0.0,0.0,0.0,0.0,0.0
48185,Grimes County,2024,6.0,119125.53,6.0,0.0,0.0,0.002382493788213489
48033,Borden County,2019,0.0,0.0,0.0,0.0,0.0,0.0
48033,Borden County,2020,0.0,0.0,0.0,0.0,821.0,0.0
48033,Borden County,2021,0.0,0.0,0.0,1.0,6230.0,0.0068965517239001186
48033,Borden County,2022,0.0,0.0,0.0,0.0,631.0,0.0
48033,Borden County,2023,0.0,0.0,0.0,0.0,426.0,0.0
48033,Borden County,2024,0.0,0.0,0.0,2.0,10400.0,0.009756097560737658
48041,Brazos County,2019,10.0,95217.96,10.0,1.0,916.0,0.0074228208460861015
48041,Brazos County,2020,6.0,32044.120000000003,6.0,0.0,1320.0,0.0039779153708093306
48041,Brazos County,2021,6.0,88839.5,6.0,0.0,0.0,0.009857528734384845
48041,Brazos County,2022,5.0,20067.73,5.0,0.0,0.0,0.014273601149718072
48041,Brazos County,2023,3.0,7316.5,3.0,0.0,0.0,0.008822953864054957
48041,Brazos County,2024,15.0,360649.41,15.0,0.0,0.0,0.006305585741215876
48053,Burnet County,2019,1.0,0.0,1.0,1.0,8130.0,0.00635477787071833
48053,Burnet County,2020,0.0,0.0,0.0,1.0,1470.0,0.008333333332986111
48053,Burnet County,2021,3.0,6859.44,3.0,0.0,1100.0,0.00297466740129988
48053,Burnet County,2022,1.0,803.98,1.0,1.0,5290.0,0.031281467331858784
48053,Burnet County,2023,0.0,0.0,0.0,0.0,0.0,0.0
48053,Burnet County,2024,2.0,48819.630000000005,2.0,0.0,1200.0,0.0008448203089023173
48407,San Jacinto County,2019,11.0,356734.0,11.0,0.0,0.0,0.0016210268324298046
48407,San Jacinto County,2020,1.0,0.0,1.0,0.0,716.0,0.0005931198102009571
48407,San Jacinto County,2021,3.0,84032.31,3.0,1.0,8370.0,0.013886182556444835
48407,San Jacinto County,2022,0.0,0.0,0.0,0.0,498.0,0.0
48407,San Jacinto County,2023,1.0,0.0,1.0,0.0,4300.0,0.002673796791429552
48407,San Jacinto County,2024,41.0,2630655.23,41.0,1.0,21600.0,0.03125846853304831
48427,Starr County,2019,1.0,0.0,1.0,0.0,0.0,0.00010477787091364107
48427,Starr County,2020,13.0,445107.39,13.0,0.0,0.0,0.013533387564667088
48427,Starr County,2021,0.0,0.0,0.0,0.0,0.0,0.0
48427,Starr County,2022,4.0,205579.47,4.0,0.0,0.0,0.019962340102372855
48427,Starr County,2023,0.0,0.0,0.0,0.0,0.0,0.0
48427,Starr County,2024,1.0,0.0,1.0,0.0,0.0,0.0002866972477062576
48377,Presidio County,2019,0.0,0.0,0.0,0.0,0.0,0.0
48377,Presidio County,2020,0.0,0.0,0.0,0.0,0.0,0.0
48377,Presidio County,2021,0.0,0.0,0.0,0.0,0.0,0.0
48377,Presidio County,2022,0.0,0.0,0.0,0.0,0.0,0.0
48377,Presidio County,2023,0.0,0.0,0.0,0.0,0.0,0.0
48377,Presidio County,2024,0.0,0.0,0.0,0.0,0.0,0.0
48239,Jackson County,2019,1.0,46798.39,1.0,0.0,0.0,0.0001662344564206746
48239,Jackson County,2020,8.0,107598.69,8.0,1.0,4680.0,0.014485882202032039
48239,Jackson County,2021,14.0,256822.92,14.0,4.0,19600.0,0.05316397351594106
48239,Jackson County,2022,0.0,0.0,0.0,0.0,6300.0,0.0
48239,Jackson County,2023,4.0,247369.75,4.0,2.0,20200.0,0.06636735516961943
48239,Jackson County,2024,1.0,0.0,1.0,1.0,12800.0,0.005164746028075086
48019,Bandera County,2019,0.0,0.0,0.0,0.0,0.0,0.0
48019,Bandera County,2020,0.0,0.0,0.0,0.0,310.0,0.0
48019,Bandera County,2021,1.0,0.0,1.0,4.0,2750.0,0.02845880724463909
48019,Bandera County,2022,0.0,0.0,0.0,1.0,1370.0,0.028571428567346943
48019,Bandera County,2023,0.0,0.0,0.0,0.0,833.0,0.0
48019,Bandera County,2024,0.0,0.0,0.0,2.0,6040.0,0.009756097560737658
48381,Randall County,2019,5.0,150451.47999999998,5.0,1.0,2870.0,0.006971465259126877
48381,Randall County,2020,0.0,0.0,0.0,0.0,0.0,0.0
48381,Randall County,2021,8.0,82059.11,8.0,0.0,61.7,0.011249975700488937
48381,Randall County,2022,0.0,0.0,0.0,0.0,458.0,0.0
48381,Randall County,2023,19.0,905418.34,19.0,1.0,1750.0,0.16428149567937775
48381,Randall County,2024,0.0,0.0,0.0,0.0,0.0,0.0
48481,Wharton County,2019,67.0,2910168.97,67.0,0.0,1260.0,0.010841809681756107
48481,Wharton County,2020,0.0,0.0,0.0,0.0,6580.0,0.0
48481,Wharton County,2021,3.0,45136.97,3.0,2.0,29400.0,0.01875918160249541
48481,Wharton County,2022,1.0,14428.53,1.0,0.0,1540.0,0.0033242089856097864
48481,Wharton County,2023,2.0,8100.51,2.0,1.0,22400.0,0.020520764037099463
48481,Wharton County,2024,7.0,19256.51,7.0,2.0,40700.0,0.011870040021526267
48007,Aransas County,2019,2.0,36556.08,2.0,0.0,0.0,0.00025756192016636515
48007,Aransas County,2020,20.0,101208.04000000001,20.0,0.0,0.0,0.01318638503915708
48007,Aransas County,2021,152.0,5766393.99,152.0,0.0,0.0,0.4326352530538697
48007,Aransas County,2022,1.0,3225.19,1.0,0.0,0.0,0.0028191825586940033
48007,Aransas County,2023,3.0,56873.549999999996,3.0,0.0,0.0,0.014252205820663052
48007,Aransas County,2024,45.0,647889.58,45.0,0.0,0.0,0.016503491859314975
48187,Guadalupe County,2019,3.0,0.0,3.0,1.0,6590.0,0.006564333612545612
48187,Guadalupe County,2020,1.0,23271.300000000003,1.0,0.0,4140.0,0.0008975515666023804
48187,Guadalupe County,2021,14.0,268367.0,14.0,3.0,40000.0,0.046868009265946795
48187,Guadalupe County,2022,0.0,0.0,0.0,0.0,2560.0,0.0
48187,Guadalupe County,2023,1.0,2667.68,1.0,1.0,1090.0,0.01725177033811752
48187,Guadalupe County,2024,0.0,0.0,0.0,1.0,3990.0,0.004878048780368829
48189,Hale County,2019,2.0,8362.13,2.0,1.0,430.0,0.006470537058668004
48189,Hale County,2020,0.0,0.0,0.0,0.0,326.0,0.0
48189,Hale County,2021,0.0,0.0,0.0,1.0,558.0,0.0068965517239001186
48189,Hale County,2022,0.0,0.0,0.0,0.0,227.0,0.0
48189,Hale County,2023,0.0,0.0,0.0,1.0,916.0,0.014285714284693878
48189,Hale County,2024,0.0,0.0,0.0,0.0,109.0,0.0
48355,Nueces County,2019,32.0,423795.35,32.0,0.0,424.0,0.003909428433096045
48355,Nueces County,2020,61.0,1398984.76,61.0,0.0,2090.0,0.054481623246338845
48355,Nueces County,2021,110.0,1649667.3900000001,110.0,6.0,3400.0,0.22319025384441876
48355,Nueces County,2022,11.0,41395.37,11.0,0.0,355.0,0.031277793568721
48355,Nueces County,2023,11.0,380208.82,11.0,1.0,1320.0,0.08535148139582152
48355,Nueces County,2024,49.0,823527.3200000001,49.0,1.0,815.0,0.02350483470559872
48043,Brewster County,2019,0.0,0.0,0.0,0.0,12200.0,0.0
48043,Brewster County,2020,0.0,0.0,0.0,0.0,12500.0,0.0
48043,Brewster County,2021,0.0,0.0,0.0,1.0,17900.0,0.0068965517239001186
48043,Brewster County,2022,0.0,0.0,0.0,1.0,18000.0,0.028571428567346943
48043,Brewster County,2023,0.0,0.0,0.0,2.0,19100.0,0.028571428569387755
48043,Brewster County,2024,0.0,0.0,0.0,2.0,14500.0,0.009756097560737658
48029,Bexar County,2019,18.0,97190.76,18.0,6.0,19200.0,0.039513634532994495
48029,Bexar County,2020,5.0,0.0,5.0,2.0,8500.0,0.01963226571697701
48029,Bexar County,2021,63.0,1266756.52,63.0,29.0,41700.0,0.32087756644728105
48029,Bexar County,2022,3.0,134826.18,3.0,1.0,4610.0,0.042670540758531654
48029,Bexar County,2023,9.0,95252.85,9.0,5.0,18100.0,0.10592822492946749
48029,Bexar County,2024,9.0,91271.95999999999,9.0,1.0,9240.0,0.007965774926329978
48423,Smith County,2019,6.0,94202.25,6.0,0.0,0.0,0.0007523755118583639
48423,Smith County,2020,6.0,140409.11,6.0,0.0,0.0,0.005395530383211846
48423,Smith County,2021,5.0,256589.12,5.0,0.0,0.0,0.01771219989805811
48423,Smith County,2022,0.0,0.0,0.0,0.0,0.0,0.0
48423,Smith County,2023,2.0,13529.310000000001,2.0,0.0,0.0,0.006829805150921721
48423,Smith County,2024,14.0,514928.18,14.0,0.0,0.0,0.006876642652061334
48311,McMullen County,2019,0.0,0.0,0.0,0.0,0.0,0.0
48311,McMullen County,2020,0.0,0.0,0.0,0.0,306.0,0.0
48311,McMullen County,2021,0.0,0.0,0.0,3.0,6640.0,0.02068965517170036
48311,McMullen County,2022,0.0,0.0,0.0,2.0,21300.0,0.057142857134693886
48311,McMullen County,2023,0.0,0.0,0.0,1.0,957.0,0.014285714284693878
48311,McMullen County,2024,0.0,0.0,0.0,0.0,2120.0,0.0
48061,Cameron County,2019,700.0,36792382.03,700.0,0.0,0.0,0.12166100454961165
48061,Cameron County,2020,169.0,2008997.35,169.0,0.0,0.0,0.1265186585828551
48061,Cameron County,2021,137.0,3609412.94,137.0,0.0,0.0,0.3073280545900473
48061,Cameron County,2022,7.0,21748.9,7.0,0.0,718.0,0.01969697885393188
48061,Cameron County,2023,4.0,903.23,4.0,0.0,334.0,0.010794141063191265
48061,Cameron County,2024,25.0,172947.17,25.0,5.0,1250.0,0.03251922122477664
48353,Nolan County,2019,2.0,8470.07,2.0,0.0,0.0,0.00022067880783885988
48353,Nolan County,2020,0.0,0.0,0.0,0.0,0.0,0.0
48353,Nolan County,2021,0.0,0.0,0.0,0.0,0.0,0.0
48353,Nolan County,2022,0.0,0.0,0.0,0.0,0.0,0.0
48353,Nolan County,2023,0.0,0.0,0.0,0.0,0.0,0.0
48353,Nolan County,2024,0.0,0.0,0.0,0.0,0.0,0.0
48039,Brazoria County,2019,128.0,2551708.87,128.0,3.0,73700.0,0.03551252280534069
48039,Brazoria County,2020,104.0,2017303.46,104.0,0.0,29100.0,0.08807453024076609
48039,Brazoria County,2021,166.0,2604708.79,166.0,3.0,56500.0,0.3010528023296555
48039,Brazoria County,2022,15.0,139043.09,15.0,0.0,26600.0,0.04637476441038521
48039,Brazoria County,2023,9.0,0.0,9.0,0.0,34100.0,0.02406417112286597
48039,Brazoria County,2024,329.0,5803438.14,329.0,3.0,60900.0,0.14122331012204245
48447,Throckmorton County,2019,0.0,0.0,0.0,1.0,949.0,0.006249999999804689
48447,Throckmorton County,2020,0.0,0.0,0.0,1.0,9280.0,0.008333333332986111
48447,Throckmorton County,2021,0.0,0.0,0.0,1.0,909.0,0.0068965517239001186
48447,Throckmorton County,2022,0.0,0.0,0.0,0.0,0.0,0.0
48447,Throckmorton County,2023,0.0,0.0,0.0,0.0,136.0,0.0
48447,Throckmorton County,2024,0.0,0.0,0.0,0.0,539.0,0.0
48301,Loving County,2019,0.0,0.0,0.0,0.0,0.0,0.0
48301,Loving County,2020,0.0,0.0,0.0,0.0,0.0,0.0
48301,Loving County,2021,0.0,0.0,0.0,0.0,0.0,0.0
48301,Loving County,2022,0.0,0.0,0.0,0.0,0.0,0.0
48301,Loving County,2023,0.0,0.0,0.0,0.0,0.0,0.0
48301,Loving County,2024,0.0,0.0,0.0,0.0,0.0,0.0
48379,Rains County,2019,0.0,0.0,0.0,0.0,0.0,0.0
48379,Rains County,2020,0.0,0.0,0.0,0.0,0.0,0.0
48379,Rains County,2021,0.0,0.0,0.0,0.0,0.0,0.0
48379,Rains County,2022,0.0,0.0,0.0,0.0,0.0,0.0
48379,Rains County,2023,0.0,0.0,0.0,0.0,0.0,0.0
48379,Rains County,2024,0.0,0.0,0.0,0.0,0.0,0.0
48105,Crockett County,2019,0.0,0.0,0.0,0.0,0.0,0.0
48105,Crockett County,2020,0.0,0.0,0.0,0.0,0.0,0.0
48105,Crockett County,2021,0.0,0.0,0.0,0.0,0.0,0.0
48105,Crockett County,2022,0.0,0.0,0.0,0.0,0.0,0.0
48105,Crockett County,2023,0.0,0.0,0.0,0.0,0.0,0.0
48105,Crockett County,2024,0.0,0.0,0.0,0.0,0.0,0.0
48265,Kerr County,2019,2.0,9916.27,2.0,0.0,402.0,0.0002225779867200195
48265,Kerr County,2020,4.0,23526.46,4.0,0.0,2720.0,0.002680248963153153
48265,Kerr County,2021,0.0,0.0,0.0,4.0,3390.0,0.027586206895600474
48265,Kerr County,2022,0.0,0.0,0.0,0.0,41.6,0.0
48265,Kerr County,2023,0.0,0.0,0.0,0.0,176.0,0.0
48265,Kerr County,2024,4.0,201339.38,4.0,4.0,14000.0,0.02177838434134822
48371,Pecos County,2019,0.0,0.0,0.0,1.0,151.0,0.006249999999804689
48371,Pecos County,2020,0.0,0.0,0.0,0.0,54.6,0.0
48371,Pecos County,2021,0.0,0.0,0.0,1.0,78.0,0.0068965517239001186
48371,Pecos County,2022,0.0,0.0,0.0,1.0,133.0,0.028571428567346943
48371,Pecos County,2023,0.0,0.0,0.0,0.0,0.0,0.0
48371,Pecos County,2024,0.0,0.0,0.0,0.0,65.4,0.0
48361,Orange County,2019,2167.0,189148675.61,2167.0,2.0,51500.0,0.48794748537735577
48361,Orange County,2020,89.0,664832.17,89.0,0.0,22700.0,0.06148490070205782
48361,Orange County,2021,19.0,138552.35,19.0,2.0,78300.0,0.03758077664475351
48361,Orange County,2022,10.0,101263.48,10.0,0.0,17000.0,0.03130274355097689
48361,Orange County,2023,10.0,131355.87,10.0,0.0,27100.0,0.04112873803094812
48361,Orange County,2024,31.0,1159652.9,31.0,2.0,74500.0,0.025091113249190874
48155,Foard County,2019,0.0,0.0,0.0,0.0,0.0,0.0
48155,Foard County,2020,0.0,0.0,0.0,0.0,0.0,0.0
48155,Foard County,2021,0.0,0.0,0.0,0.0,0.0,0.0
48155,Foard County,2022,0.0,0.0,0.0,0.0,0.0,0.0
48155,Foard County,2023,0.0,0.0,0.0,0.0,0.0,0.0
48155,Foard County,2024,0.0,0.0,0.0,0.0,0.0,0.0
48467,Van Zandt County,2019,5.0,131277.89,5.0,0.0,0.0,0.0006962861159090964
48467,Van Zandt County,2020,1.0,0.0,1.0,2.0,10800.0,0.01725978647617318
48467,Van Zandt County,2021,0.0,0.0,0.0,0.0,7550.0,0.0
48467,Van Zandt County,2022,1.0,85069.6,1.0,0.0,3380.0,0.006508581429506673
48467,Van Zandt County,2023,0.0,0.0,0.0,0.0,4240.0,0.0
48467,Van Zandt County,2024,5.0,506174.62,5.0,2.0,21600.0,0.014003797221234484
48157,Fort Bend County,2019,245.0,12901405.4,245.0,6.0,80600.0,0.0801129630172275
48157,Fort Bend County,2020,39.0,629187.46,39.0,1.0,28600.0,0.039695944621551946
48157,Fort Bend County,2021,77.0,618807.2,77.0,6.0,64800.0,0.14076334158340795
48157,Fort Bend County,2022,16.0,22951.05,16.0,0.0,22400.0,0.043815340737688516
48157,Fort Bend County,2023,7.0,34685.2,7.0,1.0,35400.0,0.03680224944859771
48157,Fort Bend County,2024,141.0,2876253.7,141.0,6.0,69700.0,0.085683907703996
48013,Atascosa County,2019,0.0,0.0,0.0,0.0,0.0,0.0
48013,Atascosa County,2020,0.0,0.0,0.0,0.0,526.0,0.0
48013,Atascosa County,2021,2.0,79254.76000000001,2.0,2.0,3440.0,0.019661579114815208
48013,Atascosa County,2022,0.0,0.0,0.0,0.0,353.0,0.0
48013,Atascosa County,2023,0.0,0.0,0.0,0.0,607.0,0.0
48013,Atascosa County,2024,0.0,0.0,0.0,2.0,1100.0,0.009756097560737658
48121,Denton County,2019,16.0,316165.98,16.0,5.0,10800.0,0.033341641447510555
48121,Denton County,2020,18.0,740960.6000000001,18.0,8.0,14600.0,0.08703596187243264
48121,Denton County,2021,5.0,14738.92,5.0,0.0,4910.0,0.005129802627628104
48121,Denton County,2022,9.0,231328.15,9.0,2.0,6630.0,0.09163488540012077
48121,Denton County,2023,3.0,55439.26,3.0,3.0,11400.0,0.05695221418451891
48121,Denton County,2024,8.0,105121.16,8.0,7.0,7470.0,0.03702436869892698
48325,Medina County,2019,0.0,0.0,0.0,2.0,858.0,0.012499999999609377
48325,Medina County,2020,1.0,0.0,1.0,2.0,132.0,0.01725978647617318
48325,Medina County,2021,5.0,32752.38,5.0,3.0,2740.0,0.026756618529131457
48325,Medina County,2022,0.0,0.0,0.0,1.0,265.0,0.028571428567346943
48325,Medina County,2023,0.0,0.0,0.0,5.0,1280.0,0.0714285714234694
48325,Medina County,2024,0.0,0.0,0.0,2.0,1790.0,0.009756097560737658
48027,Bell County,2019,10.0,390125.56,10.0,5.0,22600.0,0.032810099427667924
48027,Bell County,2020,2.0,1184.75,2.0,1.0,14100.0,0.009535071680291832
48027,Bell County,2021,3.0,24551.52,3.0,6.0,7330.0,0.04527441849314831
48027,Bell County,2022,4.0,45443.19,4.0,0.0,4450.0,0.012743684477533709
48027,Bell County,2023,2.0,30000.0,2.0,1.0,5200.0,0.02291997563123631
48027,Bell County,2024,28.0,580122.04,28.0,8.0,43100.0,0.050277257095309474
48049,Brown County,2019,1.0,0.0,1.0,1.0,3180.0,0.00635477787071833
48049,Brown County,2020,0.0,0.0,0.0,0.0,966.0,0.0
48049,Brown County,2021,0.0,0.0,0.0,2.0,7210.0,0.013793103447800237
48049,Brown County,2022,1.0,4125.96,1.0,0.0,350.0,0.0028597876509765664
48049,Brown County,2023,0.0,0.0,0.0,0.0,2500.0,0.0
48049,Brown County,2024,2.0,97227.26999999999,2.0,3.0,8170.0,0.01574810189470692
48231,Hunt County,2019,3.0,5044.75,3.0,2.0,10400.0,0.012820958479353986
48231,Hunt County,2020,0.0,0.0,0.0,3.0,10700.0,0.024999999998958335
48231,Hunt County,2021,2.0,0.0,2.0,2.0,14600.0,0.015538304145877471
48231,Hunt County,2022,1.0,116421.41,1.0,0.0,6430.0,0.007921864663046181
48231,Hunt County,2023,0.0,0.0,0.0,5.0,14900.0,0.0714285714234694
48231,Hunt County,2024,1.0,0.0,1.0,0.0,10800.0,0.0002866972477062576
48259,Kendall County,2019,1.0,8213.34,1.0,0.0,2160.0,0.00011556379393382057
48259,Kendall County,2020,0.0,0.0,0.0,2.0,4920.0,0.016666666665972222
48259,Kendall County,2021,0.0,0.0,0.0,2.0,8650.0,0.013793103447800237
48259,Kendall County,2022,0.0,0.0,0.0,0.0,0.0,0.0
48259,Kendall County,2023,0.0,0.0,0.0,0.0,743.0,0.0
48259,Kendall County,2024,0.0,0.0,0.0,2.0,17600.0,0.009756097560737658
48233,Hutchinson County,2019,0.0,0.0,0.0,0.0,0.0,0.0
48233,Hutchinson County,2020,0.0,0.0,0.0,0.0,0.0,0.0
48233,Hutchinson County,2021,0.0,0.0,0.0,0.0,0.0,0.0
48233,Hutchinson County,2022,0.0,0.0,0.0,0.0,0.0,0.0
48233,Hutchinson County,2023,0.0,0.0,0.0,0.0,0.0,0.0
48233,Hutchinson County,2024,0.0,0.0,0.0,0.0,0.0,0.0
48207,Haskell County,2019,2.0,6752.34,2.0,1.0,4700.0,0.006468423050113792
48207,Haskell County,2020,2.0,23214.84,2.0,0.0,1730.0,0.0014899327753085166
48207,Haskell County,2021,3.0,32342.449999999997,3.0,1.0,4150.0,0.01119698753666437
48207,Haskell County,2022,0.0,0.0,0.0,0.0,354.0,0.0
48207,Haskell County,2023,0.0,0.0,0.0,1.0,4700.0,0.014285714284693878
48207,Haskell County,2024,1.0,42580.38,1.0,0.0,2750.0,0.0005234342791054079
48099,Coryell County,2019,4.0,134461.34,4.0,0.0,0.0,0.0005956888154623531
48099,Coryell County,2020,0.0,0.0,0.0,0.0,10000.0,0.0
48099,Coryell County,2021,0.0,0.0,0.0,2.0,10100.0,0.013793103447800237
48099,Coryell County,2022,0.0,0.0,0.0,0.0,659.0,0.0
48099,Coryell County,2023,0.0,0.0,0.0,0.0,777.0,0.0
48099,Coryell County,2024,7.0,225831.87,7.0,2.0,113000.0,0.01301855108428829
48183,Gregg County,2019,1.0,62217.02,1.0,3.0,29500.0,0.018936482510372436
48183,Gregg County,2020,2.0,0.0,2.0,0.0,13200.0,0.0011862396204019143
48183,Gregg County,2021,1.0,0.0,1.0,3.0,17100.0,0.021562255520738975
48183,Gregg County,2022,1.0,0.0,1.0,0.0,3600.0,0.002673796791429552
48183,Gregg County,2023,8.0,181617.1,8.0,0.0,5030.0,0.04128754326155813
48183,Gregg County,2024,2.0,0.0,2.0,3.0,35500.0,0.015207540836519
48101,Cottle County,2019,0.0,0.0,0.0,0.0,0.0,0.0
48101,Cottle County,2020,0.0,0.0,0.0,0.0,0.0,0.0
48101,Cottle County,2021,0.0,0.0,0.0,0.0,0.0,0.0
48101,Cottle County,2022,0.0,0.0,0.0,0.0,0.0,0.0
48101,Cottle County,2023,0.0,0.0,0.0,0.0,0.0,0.0
48101,Cottle County,2024,0.0,0.0,0.0,0.0,0.0,0.0
48193,Hamilton County,2019,0.0,0.0,0.0,1.0,17800.0,0.006249999999804689
48193,Hamilton County,2020,0.0,0.0,0.0,0.0,5810.0,0.0
48193,Hamilton County,2021,0.0,0.0,0.0,2.0,8250.0,0.013793103447800237
48193,Hamilton County,2022,0.0,0.0,0.0,0.0,0.0,0.0
48193,Hamilton County,2023,0.0,0.0,0.0,0.0,595.0,0.0
48193,Hamilton County,2024,0.0,0.0,0.0,2.0,10200.0,0.009756097560737658
48437,Swisher County,2019,0.0,0.0,0.0,0.0,0.0,0.0
48437,Swisher County,2020,0.0,0.0,0.0,0.0,0.0,0.0
48437,Swisher County,2021,0.0,0.0,0.0,0.0,0.0,0.0
48437,Swisher County,2022,0.0,0.0,0.0,0.0,0.0,0.0
48437,Swisher County,2023,0.0,0.0,0.0,0.0,0.0,0.0
48437,Swisher County,2024,0.0,0.0,0.0,0.0,0.0,0.0
48125,Dickens County,2019,0.0,0.0,0.0,0.0,0.0,0.0
48125,Dickens County,2020,0.0,0.0,0.0,0.0,0.0,0.0
48125,Dickens County,2021,0.0,0.0,0.0,0.0,0.0,0.0
48125,Dickens County,2022,0.0,0.0,0.0,0.0,0.0,0.0
48125,Dickens County,2023,0.0,0.0,0.0,0.0,0.0,0.0
48125,Dickens County,2024,0.0,0.0,0.0,0.0,0.0,0.0
48445,Terry County,2019,0.0,0.0,0.0,0.0,18.4,0.0
48445,Terry County,2020,0.0,0.0,0.0,0.0,0.0,0.0
48445,Terry County,2021,0.0,0.0,0.0,0.0,0.0,0.0
48445,Terry County,2022,0.0,0.0,0.0,0.0,0.0,0.0
48445,Terry County,2023,0.0,0.0,0.0,0.0,0.0,0.0
48445,Terry County,2024,0.0,0.0,0.0,0.0,0.0,0.0
48425,Somervell County,2019,0.0,0.0,0.0,2.0,43400.0,0.012499999999609377
48425,Somervell County,2020,0.0,0.0,0.0,1.0,39900.0,0.008333333332986111
48425,Somervell County,2021,0.0,0.0,0.0,2.0,41000.0,0.013793103447800237
48425,Somervell County,2022,0.0,0.0,0.0,0.0,123.0,0.0
48425,Somervell County,2023,1.0,18262.19,1.0,1.0,25100.0,0.018960236115032097
48425,Somervell County,2024,0.0,0.0,0.0,0.0,0.0,0.0
48069,Castro County,2019,0.0,0.0,0.0,0.0,0.0,0.0
48069,Castro County,2020,0.0,0.0,0.0,0.0,0.0,0.0
48069,Castro County,2021,0.0,0.0,0.0,0.0,0.0,0.0
48069,Castro County,2022,0.0,0.0,0.0,0.0,0.0,0.0
48069,Castro County,2023,0.0,0.0,0.0,0.0,0.0,0.0
48069,Castro County,2024,0.0,0.0,0.0,0.0,0.0,0.0
48175,Goliad County,2019,0.0,0.0,0.0,0.0,0.0,0.0
48175,Goliad County,2020,0.0,0.0,0.0,0.0,6730.0,0.0
48175,Goliad County,2021,0.0,0.0,0.0,4.0,13300.0,0.027586206895600474
48175,Goliad County,2022,0.0,0.0,0.0,0.0,0.0,0.0
48175,Goliad County,2023,0.0,0.0,0.0,1.0,19500.0,0.014285714284693878
48175,Goliad County,2024,0.0,0.0,0.0,2.0,8810.0,0.009756097560737658
48235,Irion County,2019,0.0,0.0,0.0,0.0,40.4,0.0
48235,Irion County,2020,0.0,0.0,0.0,0.0,39.8,0.0
48235,Irion County,2021,2.0,13409.54,2.0,1.0,5180.0,0.009339391536990373
48235,Irion County,2022,0.0,0.0,0.0,0.0,0.0,0.0
48235,Irion County,2023,0.0,0.0,0.0,1.0,2030.0,0.014285714284693878
48235,Irion County,2024,0.0,0.0,0.0,0.0,680.0,0.0
48107,Crosby County,2019,0.0,0.0,0.0,0.0,0.0,0.0
48107,Crosby County,2020,0.0,0.0,0.0,0.0,0.0,0.0
48107,Crosby County,2021,0.0,0.0,0.0,0.0,0.0,0.0
48107,Crosby County,2022,0.0,0.0,0.0,0.0,0.0,0.0
48107,Crosby County,2023,0.0,0.0,0.0,0.0,0.0,0.0
48107,Crosby County,2024,0.0,0.0,0.0,0.0,0.0,0.0
48413,Schleicher County,2019,0.0,0.0,0.0,0.0,0.0,0.0
48413,Schleicher County,2020,0.0,0.0,0.0,0.0,25.0,0.0
48413,Schleicher County,2021,0.0,0.0,0.0,0.0,0.0,0.0
48413,Schleicher County,2022,0.0,0.0,0.0,0.0,0.0,0.0
48413,Schleicher County,2023,0.0,0.0,0.0,0.0,0.0,0.0
48413,Schleicher County,2024,0.0,0.0,0.0,0.0,0.0,0.0
48337,Montague County,2019,0.0,0.0,0.0,1.0,2340.0,0.006249999999804689
48337,Montague County,2020,3.0,83603.40000000001,3.0,0.0,2650.0,0.0028730469299316904
48337,Montague County,2021,0.0,0.0,0.0,0.0,0.0,0.0
48337,Montague County,2022,0.0,0.0,0.0,0.0,0.0,0.0
48337,Montague County,2023,0.0,0.0,0.0,0.0,0.0,0.0
48337,Montague County,2024,0.0,0.0,0.0,0.0,0.0,0.0
48211,Hemphill County,2019,0.0,0.0,0.0,1.0,281.0,0.006249999999804689
48211,Hemphill County,2020,0.0,0.0,0.0,0.0,114.0,0.0
48211,Hemphill County,2021,0.0,0.0,0.0,1.0,343.0,0.0068965517239001186
48211,Hemphill County,2022,0.0,0.0,0.0,0.0,105.0,0.0
48211,Hemphill County,2023,0.0,0.0,0.0,1.0,482.0,0.014285714284693878
48211,Hemphill County,2024,0.0,0.0,0.0,0.0,264.0,0.0
48111,Dallam County,2019,0.0,0.0,0.0,0.0,0.0,0.0
48111,Dallam County,2020,0.0,0.0,0.0,0.0,0.0,0.0
48111,Dallam County,2021,0.0,0.0,0.0,0.0,0.0,0.0
48111,Dallam County,2022,0.0,0.0,0.0,0.0,0.0,0.0
48111,Dallam County,2023,0.0,0.0,0.0,0.0,0.0,0.0
48111,Dallam County,2024,0.0,0.0,0.0,0.0,0.0,0.0
48067,Cass County,2019,2.0,24040.35,2.0,0.0,0.0,0.0002411260122018402
48067,Cass County,2020,0.0,0.0,0.0,0.0,0.0,0.0
48067,Cass County,2021,0.0,0.0,0.0,0.0,0.0,0.0
48067,Cass County,2022,0.0,0.0,0.0,0.0,0.0,0.0
48067,Cass County,2023,0.0,0.0,0.0,0.0,0.0,0.0
48067,Cass County,2024,0.0,0.0,0.0,0.0,0.0,0.0
48271,Kinney County,2019,0.0,0.0,0.0,1.0,81800.0,0.006249999999804689
48271,Kinney County,2020,0.0,0.0,0.0,0.0,46.0,0.0
48271,Kinney County,2021,0.0,0.0,0.0,0.0,44.4,0.0
48271,Kinney County,2022,0.0,0.0,0.0,1.0,47.2,0.028571428567346943
48271,Kinney County,2023,0.0,0.0,0.0,1.0,64.5,0.014285714284693878
48271,Kinney County,2024,0.0,0.0,0.0,2.0,9060.0,0.009756097560737658
48079,Cochran County,2019,0.0,0.0,0.0,0.0,0.0,0.0
48079,Cochran County,2020,0.0,0.0,0.0,0.0,0.0,0.0
48079,Cochran County,2021,0.0,0.0,0.0,0.0,0.0,0.0
48079,Cochran County,2022,0.0,0.0,0.0,0.0,0.0,0.0
48079,Cochran County,2023,0.0,0.0,0.0,0.0,0.0,0.0
48079,Cochran County,2024,0.0,0.0,0.0,0.0,0.0,0.0
48369,Parmer County,2019,0.0,0.0,0.0,0.0,54.3,0.0
48369,Parmer County,2020,0.0,0.0,0.0,0.0,0.0,0.0
48369,Parmer County,2021,0.0,0.0,0.0,0.0,0.0,0.0
48369,Parmer County,2022,0.0,0.0,0.0,0.0,0.0,0.0
48369,Parmer County,2023,0.0,0.0,0.0,0.0,0.0,0.0
48369,Parmer County,2024,0.0,0.0,0.0,0.0,0.0,0.0
48077,Clay County,2019,2.0,151237.98,2.0,2.0,5200.0,0.012908164493784359
48077,Clay County,2020,0.0,0.0,0.0,2.0,9230.0,0.016666666665972222
48077,Clay County,2021,0.0,0.0,0.0,1.0,1730.0,0.0068965517239001186
48077,Clay County,2022,0.0,0.0,0.0,0.0,754.0,0.0
48077,Clay County,2023,0.0,0.0,0.0,0.0,453.0,0.0
48077,Clay County,2024,0.0,0.0,0.0,1.0,1540.0,0.004878048780368829
48097,Cooke County,2019,0.0,0.0,0.0,1.0,2880.0,0.006249999999804689
48097,Cooke County,2020,2.0,83662.88,2.0,3.0,23100.0,0.02728070522738393
48097,Cooke County,2021,0.0,0.0,0.0,0.0,7950.0,0.0
48097,Cooke County,2022,0.0,0.0,0.0,0.0,7190.0,0.0
48097,Cooke County,2023,0.0,0.0,0.0,2.0,9460.0,0.028571428569387755
48097,Cooke County,2024,0.0,0.0,0.0,1.0,7390.0,0.004878048780368829
48295,Lipscomb County,2019,1.0,0.0,1.0,1.0,4270.0,0.00635477787071833
48295,Lipscomb County,2020,0.0,0.0,0.0,0.0,0.0,0.0
48295,Lipscomb County,2021,0.0,0.0,0.0,0.0,7.64,0.0
48295,Lipscomb County,2022,0.0,0.0,0.0,0.0,0.0,0.0
48295,Lipscomb County,2023,0.0,0.0,0.0,2.0,2520.0,0.028571428569387755
48295,Lipscomb County,2024,0.0,0.0,0.0,0.0,0.0,0.0
48421,Sherman County,2019,0.0,0.0,0.0,0.0,0.0,0.0
48421,Sherman County,2020,0.0,0.0,0.0,0.0,0.0,0.0
48421,Sherman County,2021,0.0,0.0,0.0,0.0,0.0,0.0
48421,Sherman County,2022,0.0,0.0,0.0,0.0,0.0,0.0
48421,Sherman County,2023,0.0,0.0,0.0,0.0,0.0,0.0
48421,Sherman County,2024,0.0,0.0,0.0,0.0,0.0,0.0
48357,Ochiltree County,2019,0.0,0.0,0.0,0.0,0.0,0.0
48357,Ochiltree County,2020,0.0,0.0,0.0,0.0,0.0,0.0
48357,Ochiltree County,2021,0.0,0.0,0.0,0.0,0.0,0.0
48357,Ochiltree County,2022,0.0,0.0,0.0,0.0,0.0,0.0
48357,Ochiltree County,2023,0.0,0.0,0.0,0.0,0.0,0.0
48357,Ochiltree County,2024,0.0,0.0,0.0,0.0,0.0,0.0
48087,Collingsworth County,2019,1.0,0.0,1.0,0.0,476.0,0.00010477787091364107
48087,Collingsworth County,2020,0.0,0.0,0.0,0.0,85.3,0.0
48087,Collingsworth County,2021,1.0,0.0,1.0,1.0,4170.0,0.0077691520729387354
48087,Collingsworth County,2022,0.0,0.0,0.0,1.0,818.0,0.028571428567346943
48087,Collingsworth County,2023,1.0,16916.559999999998,1.0,1.0,2820.0,0.018812814823603925
48087,Collingsworth County,2024,0.0,0.0,0.0,0.0,99.8,0.0
48495,Winkler County,2019,0.0,0.0,0.0,0.0,0.0,0.0
48495,Winkler County,2020,0.0,0.0,0.0,0.0,0.0,0.0
48495,Winkler County,2021,0.0,0.0,0.0,0.0,0.0,0.0
48495,Winkler County,2022,0.0,0.0,0.0,0.0,0.0,0.0
48495,Winkler County,2023,0.0,0.0,0.0,0.0,0.0,0.0
48495,Winkler County,2024,0.0,0.0,0.0,0.0,0.0,0.0
48501,Yoakum County,2019,0.0,0.0,0.0,0.0,0.0,0.0
48501,Yoakum County,2020,0.0,0.0,0.0,0.0,0.0,0.0
48501,Yoakum County,2021,0.0,0.0,0.0,0.0,0.0,0.0
48501,Yoakum County,2022,0.0,0.0,0.0,0.0,0.0,0.0
48501,Yoakum County,2023,0.0,0.0,0.0,0.0,0.0,0.0
48501,Yoakum County,2024,0.0,0.0,0.0,0.0,0.0,0.0
48399,Runnels County,2019,0.0,0.0,0.0,0.0,0.0,0.0
48399,Runnels County,2020,0.0,0.0,0.0,0.0,836.0,0.0
48399,Runnels County,2021,0.0,0.0,0.0,2.0,2840.0,0.013793103447800237
48399,Runnels County,2022,0.0,0.0,0.0,1.0,1680.0,0.028571428567346943
48399,Runnels County,2023,0.0,0.0,0.0,0.0,755.0,0.0
48399,Runnels County,2024,0.0,0.0,0.0,1.0,5080.0,0.004878048780368829
48363,Palo Pinto County,2019,3.0,17225.47,3.0,2.0,27900.0,0.01283695444545917
48363,Palo Pinto County,2020,2.0,28809.44,2.0,2.0,37700.0,0.018229787183450853
48363,Palo Pinto County,2021,4.0,28076.4,4.0,2.0,35200.0,0.01874419587800595
48363,Palo Pinto County,2022,0.0,0.0,0.0,0.0,0.0,0.0
48363,Palo Pinto County,2023,0.0,0.0,0.0,0.0,10500.0,0.0
48363,Palo Pinto County,2024,2.0,45763.18,2.0,0.0,10000.0,0.0008278271561963074
48237,Jack County,2019,0.0,0.0,0.0,1.0,5460.0,0.006249999999804689
48237,Jack County,2020,0.0,0.0,0.0,1.0,8720.0,0.008333333332986111
48237,Jack County,2021,0.0,0.0,0.0,1.0,3180.0,0.0068965517239001186
48237,Jack County,2022,0.0,0.0,0.0,1.0,1420.0,0.028571428567346943
48237,Jack County,2023,0.0,0.0,0.0,0.0,680.0,0.0
48237,Jack County,2024,0.0,0.0,0.0,0.0,2160.0,0.0
48279,Lamb County,2019,0.0,0.0,0.0,0.0,0.0,0.0
48279,Lamb County,2020,0.0,0.0,0.0,0.0,0.0,0.0
48279,Lamb County,2021,0.0,0.0,0.0,0.0,0.0,0.0
48279,Lamb County,2022,0.0,0.0,0.0,0.0,0.0,0.0
48279,Lamb County,2023,0.0,0.0,0.0,0.0,0.0,0.0
48279,Lamb County,2024,0.0,0.0,0.0,0.0,0.0,0.0
48255,Karnes County,2019,0.0,0.0,0.0,0.0,553.0,0.0
48255,Karnes County,2020,2.0,12110.51,2.0,1.0,8840.0,0.009678000880930406
48255,Karnes County,2021,0.0,0.0,0.0,8.0,13300.0,0.05517241379120095
48255,Karnes County,2022,0.0,0.0,0.0,0.0,504.0,0.0
48255,Karnes County,2023,0.0,0.0,0.0,1.0,11300.0,0.014285714284693878
48255,Karnes County,2024,0.0,0.0,0.0,1.0,6250.0,0.004878048780368829
48081,Coke County,2019,0.0,0.0,0.0,1.0,165.0,0.006249999999804689
48081,Coke County,2020,0.0,0.0,0.0,2.0,2050.0,0.016666666665972222
48081,Coke County,2021,0.0,0.0,0.0,1.0,5270.0,0.0068965517239001186
48081,Coke County,2022,0.0,0.0,0.0,0.0,666.0,0.0
48081,Coke County,2023,0.0,0.0,0.0,0.0,1410.0,0.0
48081,Coke County,2024,0.0,0.0,0.0,2.0,4240.0,0.009756097560737658
48297,Live Oak County,2019,0.0,0.0,0.0,1.0,1650.0,0.006249999999804689
48297,Live Oak County,2020,0.0,0.0,0.0,1.0,2070.0,0.008333333332986111
48297,Live Oak County,2021,0.0,0.0,0.0,4.0,8080.0,0.027586206895600474
48297,Live Oak County,2022,0.0,0.0,0.0,1.0,12200.0,0.028571428567346943
48297,Live Oak County,2023,0.0,0.0,0.0,2.0,3610.0,0.028571428569387755
48297,Live Oak County,2024,0.0,0.0,0.0,1.0,1530.0,0.004878048780368829
48191,Hall County,2019,0.0,0.0,0.0,1.0,12700.0,0.006249999999804689
48191,Hall County,2020,0.0,0.0,0.0,0.0,0.0,0.0
48191,Hall County,2021,0.0,0.0,0.0,1.0,8060.0,0.0068965517239001186
48191,Hall County,2022,0.0,0.0,0.0,1.0,8420.0,0.028571428567346943
48191,Hall County,2023,0.0,0.0,0.0,0.0,7680.0,0.0
48191,Hall County,2024,0.0,0.0,0.0,0.0,3040.0,0.0
48269,King County,2019,0.0,0.0,0.0,0.0,0.0,0.0
48269,King County,2020,0.0,0.0,0.0,0.0,0.0,0.0
48269,King County,2021,0.0,0.0,0.0,0.0,0.0,0.0
48269,King County,2022,0.0,0.0,0.0,0.0,0.0,0.0
48269,King County,2023,0.0,0.0,0.0,0.0,0.0,0.0
48269,King County,2024,0.0,0.0,0.0,0.0,0.0,0.0
48171,Gillespie County,2019,0.0,0.0,0.0,0.0,0.0,0.0
48171,Gillespie County,2020,0.0,0.0,0.0,1.0,8040.0,0.008333333332986111
48171,Gillespie County,2021,0.0,0.0,0.0,1.0,7290.0,0.0068965517239001186
48171,Gillespie County,2022,0.0,0.0,0.0,0.0,204.0,0.0
48171,Gillespie County,2023,0.0,0.0,0.0,0.0,2720.0,0.0
48171,Gillespie County,2024,0.0,0.0,0.0,0.0,2010.0,0.0
48435,Sutton County,2019,0.0,0.0,0.0,0.0,0.0,0.0
48435,Sutton County,2020,0.0,0.0,0.0,0.0,0.0,0.0
48435,Sutton County,2021,0.0,0.0,0.0,0.0,0.0,0.0
48435,Sutton County,2022,0.0,0.0,0.0,0.0,0.0,0.0
48435,Sutton County,2023,0.0,0.0,0.0,0.0,0.0,0.0
48435,Sutton County,2024,0.0,0.0,0.0,0.0,0.0,0.0
48159,Franklin County,2019,0.0,0.0,0.0,0.0,24600.0,0.0
48159,Franklin County,2020,0.0,0.0,0.0,1.0,40600.0,0.008333333332986111
48159,Franklin County,2021,0.0,0.0,0.0,0.0,25200.0,0.0
48159,Franklin County,2022,0.0,0.0,0.0,0.0,7670.0,0.0
48159,Franklin County,2023,0.0,0.0,0.0,1.0,43300.0,0.014285714284693878
48159,Franklin County,2024,0.0,0.0,0.0,1.0,27200.0,0.004878048780368829
48131,Duval County,2019,0.0,0.0,0.0,0.0,0.0,0.0
48131,Duval County,2020,1.0,41635.0,1.0,0.0,0.0,0.0011377828147504775
48131,Duval County,2021,0.0,0.0,0.0,0.0,0.0,0.0
48131,Duval County,2022,0.0,0.0,0.0,0.0,0.0,0.0
48131,Duval County,2023,0.0,0.0,0.0,0.0,0.0,0.0
48131,Duval County,2024,0.0,0.0,0.0,0.0,0.0,0.0
48283,La Salle County,2019,0.0,0.0,0.0,0.0,0.0,0.0
48283,La Salle County,2020,0.0,0.0,0.0,0.0,948.0,0.0
48283,La Salle County,2021,0.0,0.0,0.0,0.0,780.0,0.0
48283,La Salle County,2022,0.0,0.0,0.0,0.0,1250.0,0.0
48283,La Salle County,2023,0.0,0.0,0.0,1.0,1720.0,0.014285714284693878
48283,La Salle County,2024,0.0,0.0,0.0,1.0,1750.0,0.004878048780368829
48429,Stephens County,2019,0.0,0.0,0.0,1.0,9670.0,0.006249999999804689
48429,Stephens County,2020,0.0,0.0,0.0,1.0,2420.0,0.008333333332986111
48429,Stephens County,2021,1.0,0.0,1.0,3.0,20500.0,0.021562255520738975
48429,Stephens County,2022,0.0,0.0,0.0,0.0,95.5,0.0
48429,Stephens County,2023,0.0,0.0,0.0,0.0,458.0,0.0
48429,Stephens County,2024,0.0,0.0,0.0,3.0,2610.0,0.014634146341106486
48503,Young County,2019,1.0,7934.82,1.0,2.0,23400.0,0.012615198035486235
48503,Young County,2020,0.0,0.0,0.0,1.0,16800.0,0.008333333332986111
48503,Young County,2021,0.0,0.0,0.0,2.0,22600.0,0.013793103447800237
48503,Young County,2022,0.0,0.0,0.0,0.0,5320.0,0.0
48503,Young County,2023,0.0,0.0,0.0,0.0,6830.0,0.0
48503,Young County,2024,0.0,0.0,0.0,0.0,7040.0,0.0
48195,Hansford County,2019,0.0,0.0,0.0,1.0,2150.0,0.006249999999804689
48195,Hansford County,2020,0.0,0.0,0.0,1.0,248.0,0.008333333332986111
48195,Hansford County,2021,0.0,0.0,0.0,0.0,0.0,0.0
48195,Hansford County,2022,0.0,0.0,0.0,0.0,66.2,0.0
48195,Hansford County,2023,0.0,0.0,0.0,1.0,1050.0,0.014285714284693878
48195,Hansford County,2024,0.0,0.0,0.0,0.0,39.1,0.0
48023,Baylor County,2019,0.0,0.0,0.0,2.0,7050.0,0.012499999999609377
48023,Baylor County,2020,0.0,0.0,0.0,1.0,6350.0,0.008333333332986111
48023,Baylor County,2021,0.0,0.0,0.0,0.0,4750.0,0.0
48023,Baylor County,2022,0.0,0.0,0.0,1.0,1800.0,0.028571428567346943
48023,Baylor County,2023,0.0,0.0,0.0,1.0,5410.0,0.014285714284693878
48023,Baylor County,2024,0.0,0.0,0.0,3.0,14300.0,0.014634146341106486
48127,Dimmit County,2019,1.0,106469.7,1.0,0.0,0.0,0.00024459601897296976
48127,Dimmit County,2020,0.0,0.0,0.0,0.0,14.2,0.0
48127,Dimmit County,2021,0.0,0.0,0.0,0.0,1080.0,0.0
48127,Dimmit County,2022,0.0,0.0,0.0,1.0,2520.0,0.028571428567346943
48127,Dimmit County,2023,0.0,0.0,0.0,1.0,2180.0,0.014285714284693878
48127,Dimmit County,2024,0.0,0.0,0.0,0.0,261.0,0.0
48169,Garza County,2019,0.0,0.0,0.0,0.0,0.0,0.0
48169,Garza County,2020,0.0,0.0,0.0,1.0,26300.0,0.008333333332986111
48169,Garza County,2021,0.0,0.0,0.0,0.0,14500.0,0.0
48169,Garza County,2022,0.0,0.0,0.0,0.0,1780.0,0.0
48169,Garza County,2023,0.0,0.0,0.0,1.0,14800.0,0.014285714284693878
48169,Garza County,2024,0.0,0.0,0.0,1.0,20400.0,0.004878048780368829
48137,Edwards County,2019,0.0,0.0,0.0,0.0,0.0,0.0
48137,Edwards County,2020,0.0,0.0,0.0,0.0,152.0,0.0
48137,Edwards County,2021,0.0,0.0,0.0,1.0,238.0,0.0068965517239001186
48137,Edwards County,2022,0.0,0.0,0.0,0.0,0.0,0.0
48137,Edwards County,2023,0.0,0.0,0.0,1.0,520.0,0.014285714284693878
48137,Edwards County,2024,0.0,0.0,0.0,0.0,0.0,0.0
48095,Concho County,2019,0.0,0.0,0.0,0.0,0.0,0.0
48095,Concho County,2020,0.0,0.0,0.0,0.0,900.0,0.0
48095,Concho County,2021,0.0,0.0,0.0,1.0,2260.0,0.0068965517239001186
48095,Concho County,2022,0.0,0.0,0.0,0.0,0.0,0.0
48095,Concho County,2023,0.0,0.0,0.0,0.0,809.0,0.0
48095,Concho County,2024,0.0,0.0,0.0,1.0,23300.0,0.004878048780368829
48397,Rockwall County,2019,0.0,0.0,0.0,0.0,0.0,0.0
48397,Rockwall County,2020,0.0,0.0,0.0,0.0,275.0,0.0
48397,Rockwall County,2021,0.0,0.0,0.0,0.0,409.0,0.0
48397,Rockwall County,2022,1.0,0.0,1.0,1.0,666.0,0.031245225358776496
48397,Rockwall County,2023,2.0,161977.84,2.0,0.0,0.0,0.023093171754827634
48397,Rockwall County,2024,2.0,193990.27000000002,2.0,1.0,842.0,0.0065299841586978335
48123,DeWitt County,2019,0.0,0.0,0.0,0.0,0.0,0.0
48123,DeWitt County,2020,0.0,0.0,0.0,0.0,5320.0,0.0
48123,DeWitt County,2021,2.0,8003.14,2.0,5.0,45400.0,0.03664432732922664
48123,DeWitt County,2022,0.0,0.0,0.0,0.0,0.0,0.0
48123,DeWitt County,2023,1.0,72173.27,1.0,2.0,24200.0,0.03915221069110441
48123,DeWitt County,2024,0.0,0.0,0.0,1.0,24600.0,0.004878048780368829
48209,Hays County,2019,39.0,1644210.29,39.0,8.0,24500.0,0.056245546934304155
48209,Hays County,2020,2.0,9197.93,2.0,5.0,4630.0,0.04297323226562397
48209,Hays County,2021,5.0,122171.53000000001,5.0,9.0,25100.0,0.07278801214095276
48209,Hays County,2022,1.0,0.0,1.0,0.0,0.0,0.002673796791429552
48209,Hays County,2023,1.0,0.0,1.0,2.0,1330.0,0.031245225360817308
48209,Hays County,2024,1.0,0.0,1.0,0.0,1920.0,0.0002866972477062576
48489,Willacy County,2019,38.0,1098595.04,38.0,0.0,0.0,0.005424256162146597
48489,Willacy County,2020,48.0,430410.78,48.0,0.0,0.0,0.03410032201070521
48489,Willacy County,2021,5.0,31569.719999999998,5.0,0.0,0.0,0.006005434783314364
48489,Willacy County,2022,1.0,327789.86,1.0,0.0,0.0,0.017449974411230865
48489,Willacy County,2023,1.0,0.0,1.0,0.0,0.0,0.002673796791429552
48489,Willacy County,2024,9.0,17118.36,9.0,0.0,0.0,0.0026754493383901496
48017,Bailey County,2019,0.0,0.0,0.0,0.0,0.0,0.0
48017,Bailey County,2020,0.0,0.0,0.0,0.0,0.0,0.0
48017,Bailey County,2021,0.0,0.0,0.0,0.0,0.0,0.0
48017,Bailey County,2022,0.0,0.0,0.0,0.0,0.0,0.0
48017,Bailey County,2023,0.0,0.0,0.0,0.0,0.0,0.0
48017,Bailey County,2024,0.0,0.0,0.0,0.0,0.0,0.0
48299,Llano County,2019,2.0,11856.97,2.0,0.0,0.0,0.00022512655293123958
48299,Llano County,2020,0.0,0.0,0.0,0.0,7250.0,0.0
48299,Llano County,2021,3.0,11089.93,3.0,1.0,9490.0,0.01009131282712202
48299,Llano County,2022,1.0,60589.52,1.0,1.0,7730.0,0.03397649199838061
48299,Llano County,2023,0.0,0.0,0.0,0.0,3080.0,0.0
48299,Llano County,2024,4.0,235353.15,4.0,2.0,58600.0,0.012211395448417036
48257,Kaufman County,2019,4.0,244422.16,4.0,2.0,15100.0,0.013240091572020283
48257,Kaufman County,2020,0.0,0.0,0.0,3.0,12800.0,0.024999999998958335
48257,Kaufman County,2021,3.0,186568.69,3.0,0.0,9820.0,0.012324145618274782
48257,Kaufman County,2022,6.0,197311.95,6.0,1.0,16600.0,0.05350867731352905
48257,Kaufman County,2023,6.0,355411.26999999996,6.0,2.0,15300.0,0.08355150144992345
48257,Kaufman County,2024,9.0,292595.13,9.0,2.0,13200.0,0.013963133811908448
48181,Grayson County,2019,6.0,36633.3,6.0,2.0,41300.0,0.013176774810284963
48181,Grayson County,2020,3.0,39307.42,3.0,2.0,38200.0,0.018960240038650027
48181,Grayson County,2021,3.0,21635.06,3.0,0.0,21900.0,0.0037433776225728457
48181,Grayson County,2022,2.0,948.71,2.0,0.0,14500.0,0.005390359724159758
48181,Grayson County,2023,2.0,100075.41,2.0,0.0,14200.0,0.016311414382338844
48181,Grayson County,2024,3.0,139917.92,3.0,2.0,27900.0,0.01139410046905373
48075,Childress County,2019,0.0,0.0,0.0,2.0,21300.0,0.012499999999609377
48075,Childress County,2020,0.0,0.0,0.0,0.0,17.7,0.0
48075,Childress County,2021,0.0,0.0,0.0,1.0,35500.0,0.0068965517239001186
48075,Childress County,2022,0.0,0.0,0.0,0.0,905.0,0.0
48075,Childress County,2023,0.0,0.0,0.0,1.0,3740.0,0.014285714284693878
48075,Childress County,2024,0.0,0.0,0.0,0.0,470.0,0.0
48483,Wheeler County,2019,0.0,0.0,0.0,2.0,2710.0,0.012499999999609377
48483,Wheeler County,2020,0.0,0.0,0.0,1.0,42.2,0.008333333332986111
48483,Wheeler County,2021,0.0,0.0,0.0,0.0,340.0,0.0
48483,Wheeler County,2022,0.0,0.0,0.0,0.0,32.2,0.0
48483,Wheeler County,2023,0.0,0.0,0.0,2.0,630.0,0.028571428569387755
48483,Wheeler County,2024,0.0,0.0,0.0,1.0,4920.0,0.004878048780368829
48291,Liberty County,2019,441.0,29273742.6,441.0,3.0,33600.0,0.1033999077010277
48291,Liberty County,2020,2.0,4470.71,2.0,0.0,41400.0,0.0012447247973220437
48291,Liberty County,2021,6.0,6182.61,6.0,5.0,55600.0,0.040040014593646936
48291,Liberty County,2022,7.0,174491.2,7.0,1.0,19000.0,0.05515375571990215
48291,Liberty County,2023,1.0,0.0,1.0,0.0,30500.0,0.002673796791429552
48291,Liberty County,2024,146.0,10567938.64,146.0,6.0,162000.0,0.12988137724077758
48031,Blanco County,2019,0.0,0.0,0.0,2.0,35100.0,0.012499999999609377
48031,Blanco County,2020,0.0,0.0,0.0,2.0,7770.0,0.016666666665972222
48031,Blanco County,2021,0.0,0.0,0.0,2.0,13200.0,0.013793103447800237
48031,Blanco County,2022,0.0,0.0,0.0,0.0,1500.0,0.0
48031,Blanco County,2023,0.0,0.0,0.0,0.0,662.0,0.0
48031,Blanco County,2024,0.0,0.0,0.0,0.0,1860.0,0.0
48219,Hockley County,2019,1.0,8774.04,1.0,0.0,0.0,0.00011630011643324404
48219,Hockley County,2020,0.0,0.0,0.0,0.0,0.0,0.0
48219,Hockley County,2021,0.0,0.0,0.0,0.0,0.0,0.0
48219,Hockley County,2022,2.0,0.0,2.0,0.0,0.0,0.005347593582859104
48219,Hockley County,2023,0.0,0.0,0.0,0.0,0.0,0.0
48219,Hockley County,2024,1.0,0.0,1.0,0.0,0.0,0.0002866972477062576
48149,Fayette County,2019,1.0,0.0,1.0,1.0,33800.0,0.00635477787071833
48149,Fayette County,2020,0.0,0.0,0.0,0.0,8090.0,0.0
48149,Fayette County,2021,12.0,536711.3099999999,12.0,1.0,23500.0,0.0452904738673328
48149,Fayette County,2022,0.0,0.0,0.0,0.0,17600.0,0.0
48149,Fayette County,2023,0.0,0.0,0.0,0.0,14800.0,0.0
48149,Fayette County,2024,1.0,0.0,1.0,1.0,25000.0,0.005164746028075086
48221,Hood County,2019,2.0,3799.04,2.0,0.0,0.0,0.00021454471744385015
48221,Hood County,2020,1.0,4397.83,1.0,0.0,0.0,0.0006506515815783564
48221,Hood County,2021,9.0,99744.59999999999,9.0,0.0,0.0,0.013042673949393738
48221,Hood County,2022,1.0,5570.71,1.0,0.0,0.0,0.002924914383744346
48221,Hood County,2023,3.0,2229.38,3.0,0.0,0.0,0.008265631420255333
48221,Hood County,2024,4.0,12385.12,4.0,0.0,0.0,0.0012156473838765309
48065,Carson County,2019,0.0,0.0,0.0,0.0,0.0,0.0
48065,Carson County,2020,0.0,0.0,0.0,0.0,0.0,0.0
48065,Carson County,2021,0.0,0.0,0.0,0.0,0.0,0.0
48065,Carson County,2022,0.0,0.0,0.0,0.0,0.0,0.0
48065,Carson County,2023,0.0,0.0,0.0,0.0,0.0,0.0
48065,Carson County,2024,0.0,0.0,0.0,0.0,0.0,0.0
48143,Erath County,2019,0.0,0.0,0.0,0.0,0.0,0.0
48143,Erath County,2020,1.0,8095.24,1.0,0.0,0.0,0.0006990205605540125
48143,Erath County,2021,0.0,0.0,0.0,0.0,0.0,0.0
48143,Erath County,2022,0.0,0.0,0.0,0.0,0.0,0.0
48143,Erath County,2023,0.0,0.0,0.0,0.0,0.0,0.0
48143,Erath County,2024,2.0,75841.18,2.0,0.0,0.0,0.0009950538561558577
48329,Midland County,2019,3.0,40388.100000000006,3.0,0.0,0.0,0.000367372076694846
48329,Midland County,2020,0.0,0.0,0.0,0.0,0.0,0.0
48329,Midland County,2021,0.0,0.0,0.0,0.0,0.0,0.0
48329,Midland County,2022,0.0,0.0,0.0,0.0,0.0,0.0
48329,Midland County,2023,0.0,0.0,0.0,0.0,0.0,0.0
48329,Midland County,2024,3.0,177999.97999999998,3.0,0.0,0.0,0.001849730324416265
48249,Jim Wells County,2019,0.0,0.0,0.0,0.0,0.0,0.0
48249,Jim Wells County,2020,1.0,0.0,1.0,0.0,6.29,0.0005931198102009571
48249,Jim Wells County,2021,2.0,0.0,2.0,2.0,2710.0,0.015538304145877471
48249,Jim Wells County,2022,0.0,0.0,0.0,0.0,374.0,0.0
48249,Jim Wells County,2023,0.0,0.0,0.0,2.0,3430.0,0.028571428569387755
48249,Jim Wells County,2024,0.0,0.0,0.0,0.0,513.0,0.0
48431,Sterling County,2019,0.0,0.0,0.0,0.0,0.0,0.0
48431,Sterling County,2020,0.0,0.0,0.0,0.0,0.0,0.0
48431,Sterling County,2021,0.0,0.0,0.0,0.0,657.0,0.0
48431,Sterling County,2022,0.0,0.0,0.0,0.0,0.0,0.0
48431,Sterling County,2023,0.0,0.0,0.0,0.0,0.0,0.0
48431,Sterling County,2024,0.0,0.0,0.0,0.0,0.0,0.0
48365,Panola County,2019,0.0,0.0,0.0,2.0,28200.0,0.012499999999609377
48365,Panola County,2020,0.0,0.0,0.0,0.0,15000.0,0.0
48365,Panola County,2021,0.0,0.0,0.0,2.0,19100.0,0.013793103447800237
48365,Panola County,2022,0.0,0.0,0.0,0.0,12700.0,0.0
48365,Panola County,2023,0.0,0.0,0.0,0.0,15400.0,0.0
48365,Panola County,2024,0.0,0.0,0.0,2.0,43500.0,0.009756097560737658
48505,Zapata County,2019,1.0,19050.96,1.0,0.0,0.0,0.0001297959741481984
48505,Zapata County,2020,0.0,0.0,0.0,0.0,0.0,0.0
48505,Zapata County,2021,0.0,0.0,0.0,0.0,0.0,0.0
48505,Zapata County,2022,0.0,0.0,0.0,0.0,0.0,0.0
48505,Zapata County,2023,2.0,2171.53,2.0,0.0,0.0,0.005585496837821479
48505,Zapata County,2024,0.0,0.0,0.0,0.0,0.0,0.0
48147,Fannin County,2019,1.0,0.0,1.0,1.0,14500.0,0.00635477787071833
48147,Fannin County,2020,5.0,57548.66,5.0,2.0,24800.0,0.0203851089033202
48147,Fannin County,2021,1.0,21649.26,1.0,1.0,9260.0,0.00889546741165183
48147,Fannin County,2022,0.0,0.0,0.0,0.0,6120.0,0.0
48147,Fannin County,2023,2.0,73364.53,2.0,1.0,8140.0,0.027670802392512264
48147,Fannin County,2024,0.0,0.0,0.0,2.0,6820.0,0.009756097560737658
48163,Frio County,2019,0.0,0.0,0.0,0.0,0.0,0.0
48163,Frio County,2020,0.0,0.0,0.0,0.0,48.5,0.0
48163,Frio County,2021,0.0,0.0,0.0,1.0,3130.0,0.0068965517239001186
48163,Frio County,2022,0.0,0.0,0.0,0.0,0.0,0.0
48163,Frio County,2023,0.0,0.0,0.0,1.0,1510.0,0.014285714284693878
48163,Frio County,2024,0.0,0.0,0.0,0.0,0.0,0.0
48307,McCulloch County,2019,0.0,0.0,0.0,1.0,2130.0,0.006249999999804689
48307,McCulloch County,2020,0.0,0.0,0.0,0.0,21.0,0.0
48307,McCulloch County,2021,0.0,0.0,0.0,1.0,208.0,0.0068965517239001186
48307,McCulloch County,2022,0.0,0.0,0.0,0.0,0.0,0.0
48307,McCulloch County,2023,0.0,0.0,0.0,0.0,29.7,0.0
48307,McCulloch County,2024,0.0,0.0,0.0,1.0,542.0,0.004878048780368829
48045,Briscoe County,2019,0.0,0.0,0.0,0.0,110.0,0.0
48045,Briscoe County,2020,0.0,0.0,0.0,0.0,0.0,0.0
48045,Briscoe County,2021,0.0,0.0,0.0,0.0,0.0,0.0
48045,Briscoe County,2022,0.0,0.0,0.0,0.0,0.0,0.0
48045,Briscoe County,2023,0.0,0.0,0.0,0.0,0.0,0.0
48045,Briscoe County,2024,0.0,0.0,0.0,0.0,0.0,0.0
48003,Andrews County,2019,0.0,0.0,0.0,0.0,0.0,0.0
48003,Andrews County,2020,0.0,0.0,0.0,0.0,0.0,0.0
48003,Andrews County,2021,0.0,0.0,0.0,0.0,0.0,0.0
48003,Andrews County,2022,0.0,0.0,0.0,0.0,0.0,0.0
48003,Andrews County,2023,0.0,0.0,0.0,0.0,0.0,0.0
48003,Andrews County,2024,0.0,0.0,0.0,0.0,0.0,0.0
48463,Uvalde County,2019,0.0,0.0,0.0,2.0,3460.0,0.012499999999609377
48463,Uvalde County,2020,0.0,0.0,0.0,0.0,158.0,0.0
48463,Uvalde County,2021,1.0,24047.12,1.0,8.0,3210.0,0.05729607953960538
48463,Uvalde County,2022,0.0,0.0,0.0,4.0,3460.0,0.11428571426938777
48463,Uvalde County,2023,0.0,0.0,0.0,4.0,15300.0,0.05714285713877551
48463,Uvalde County,2024,0.0,0.0,0.0,1.0,272.0,0.004878048780368829
48117,Deaf Smith County,2019,0.0,0.0,0.0,1.0,259.0,0.006249999999804689
48117,Deaf Smith County,2020,0.0,0.0,0.0,0.0,0.0,0.0
48117,Deaf Smith County,2021,0.0,0.0,0.0,1.0,3990.0,0.0068965517239001186
48117,Deaf Smith County,2022,0.0,0.0,0.0,0.0,812.0,0.0
48117,Deaf Smith County,2023,1.0,21071.3,1.0,1.0,7950.0,0.019267989824420115
48117,Deaf Smith County,2024,0.0,0.0,0.0,0.0,0.0,0.0
48439,Tarrant County,2019,38.0,947720.27,38.0,3.0,19300.0,0.02397612438387859
48439,Tarrant County,2020,28.0,454411.08,28.0,6.0,20300.0,0.07255189423280232
48439,Tarrant County,2021,15.0,259821.96999999997,15.0,2.0,15000.0,0.04039949773712328
48439,Tarrant County,2022,90.0,3065955.59,90.0,7.0,30100.0,0.5788494775180053
48439,Tarrant County,2023,30.0,523223.03,30.0,7.0,28300.0,0.23753591259966755
48439,Tarrant County,2024,32.0,654574.77,32.0,3.0,13800.0,0.027447742085243858
48113,Dallas County,2019,61.0,1832952.03,61.0,9.0,31900.0,0.0650485195373021
48113,Dallas County,2020,19.0,147869.95,19.0,1.0,34300.0,0.021537022870783816
48113,Dallas County,2021,75.0,2913923.17,75.0,6.0,52200.0,0.25842288364034316
48113,Dallas County,2022,128.0,6655101.24,128.0,7.0,33900.0,0.8422459892744112
48113,Dallas County,2023,14.0,428781.64999999997,14.0,3.0,33900.0,0.12726572549122694
48113,Dallas County,2024,27.0,396051.11,27.0,6.0,14200.0,0.03921107063242093
48497,Wise County,2019,1.0,63786.41,1.0,3.0,9210.0,0.018938543464835374
48497,Wise County,2020,5.0,259291.01,5.0,3.0,8450.0,0.031357606268872205
48497,Wise County,2021,0.0,0.0,0.0,1.0,2660.0,0.0068965517239001186
48497,Wise County,2022,1.0,0.0,1.0,0.0,1610.0,0.002673796791429552
48497,Wise County,2023,0.0,0.0,0.0,0.0,1720.0,0.0
48497,Wise County,2024,1.0,552840.48,1.0,4.0,6720.0,0.022872557143250788
48085,Collin County,2019,8.0,94822.6,8.0,2.0,6780.0,0.013462745909372279
48085,Collin County,2020,12.0,240473.15,12.0,6.0,11000.0,0.060263272436131866
48085,Collin County,2021,11.0,87450.54999999999,11.0,3.0,7140.0,0.03483792471997137
48085,Collin County,2022,4.0,357223.7,4.0,1.0,4070.0,0.055369617946747475
48085,Collin County,2023,0.0,0.0,0.0,1.0,6110.0,0.014285714284693878
48085,Collin County,2024,10.0,347030.69,10.0,3.0,6230.0,0.019430528921014524
48375,Potter County,2019,1.0,70000.0,1.0,0.0,3640.0,0.0001967032765844846
48375,Potter County,2020,0.0,0.0,0.0,0.0,0.0,0.0
48375,Potter County,2021,0.0,0.0,0.0,1.0,6620.0,0.0068965517239001186
48375,Potter County,2022,0.0,0.0,0.0,0.0,1790.0,0.0
48375,Potter County,2023,5.0,1072076.29,5.0,1.0,7620.0,0.14510665099358228
48375,Potter County,2024,0.0,0.0,0.0,0.0,1350.0,0.0
48303,Lubbock County,2019,3.0,1069.92,3.0,1.0,2190.0,0.006565738652974688
48303,Lubbock County,2020,0.0,0.0,0.0,0.0,294.0,0.0
48303,Lubbock County,2021,1.0,7215.65,1.0,1.0,2850.0,0.008144550459478744
48303,Lubbock County,2022,1.0,0.0,1.0,0.0,1180.0,0.002673796791429552
48303,Lubbock County,2023,4.0,92841.63,4.0,1.0,4720.0,0.03515222119870592
48303,Lubbock County,2024,0.0,0.0,0.0,0.0,0.0,0.0
48093,Comanche County,2019,0.0,0.0,0.0,2.0,3820.0,0.012499999999609377
48093,Comanche County,2020,0.0,0.0,0.0,1.0,3970.0,0.008333333332986111
48093,Comanche County,2021,0.0,0.0,0.0,4.0,6880.0,0.027586206895600474
48093,Comanche County,2022,0.0,0.0,0.0,0.0,52.7,0.0
48093,Comanche County,2023,0.0,0.0,0.0,0.0,771.0,0.0
48093,Comanche County,2024,0.0,0.0,0.0,3.0,4950.0,0.014634146341106486
48251,Johnson County,2019,0.0,0.0,0.0,0.0,0.0,0.0
48251,Johnson County,2020,1.0,0.0,1.0,1.0,4150.0,0.008926453143187067
48251,Johnson County,2021,6.0,0.0,6.0,0.0,4110.0,0.0052356020942317
48251,Johnson County,2022,6.0,79388.44,6.0,0.0,2790.0,0.019621468906895995
48251,Johnson County,2023,5.0,97915.41,5.0,0.0,0.0,0.0240961646776423
48251,Johnson County,2024,5.0,366603.54,5.0,2.0,7700.0,0.013227814405947882
48451,Tom Green County,2019,5.0,183296.58999999997,5.0,3.0,6790.0,0.019514598116751304
48451,Tom Green County,2020,1.0,0.0,1.0,1.0,2190.0,0.008926453143187067
48451,Tom Green County,2021,1.0,10601.59,1.0,8.0,15000.0,0.05659656802391722
48451,Tom Green County,2022,0.0,0.0,0.0,0.0,1540.0,0.0
48451,Tom Green County,2023,0.0,0.0,0.0,1.0,1370.0,0.014285714284693878
48451,Tom Green County,2024,4.0,182346.38,4.0,5.0,7010.0,0.026550836449320884
48309,McLennan County,2019,6.0,73766.77,6.0,0.0,0.0,0.0007255392291572436
48309,McLennan County,2020,8.0,46152.259999999995,8.0,4.0,30600.0,0.038682048955340276
48309,McLennan County,2021,7.0,97088.4,7.0,0.0,27100.0,0.011159282901960929
48309,McLennan County,2022,0.0,0.0,0.0,0.0,1610.0,0.0
48309,McLennan County,2023,3.0,148190.32,3.0,0.0,7740.0,0.02425646862875255
48309,McLennan County,2024,21.0,1023354.39,21.0,4.0,52100.0,0.031222450247331553
48059,Callahan County,2019,0.0,0.0,0.0,0.0,0.0,0.0
48059,Callahan County,2020,0.0,0.0,0.0,0.0,0.0,0.0
48059,Callahan County,2021,1.0,930.08,1.0,0.0,0.0,0.000920988301801449
48059,Callahan County,2022,0.0,0.0,0.0,0.0,0.0,0.0
48059,Callahan County,2023,0.0,0.0,0.0,0.0,0.0,0.0
48059,Callahan County,2024,0.0,0.0,0.0,0.0,0.0,0.0
48179,Gray County,2019,0.0,0.0,0.0,0.0,0.0,0.0
48179,Gray County,2020,0.0,0.0,0.0,0.0,0.0,0.0
48179,Gray County,2021,0.0,0.0,0.0,0.0,0.0,0.0
48179,Gray County,2022,0.0,0.0,0.0,0.0,0.0,0.0
48179,Gray County,2023,0.0,0.0,0.0,0.0,0.0,0.0
48179,Gray County,2024,0.0,0.0,0.0,0.0,0.0,0.0
48253,Jones County,2019,1.0,25635.95,1.0,0.0,0.0,0.00013844351524946194
48253,Jones County,2020,1.0,0.0,1.0,4.0,4450.0,0.0339264531421454
48253,Jones County,2021,16.0,1218606.3,16.0,4.0,16600.0,0.10494651375418383
48253,Jones County,2022,0.0,0.0,0.0,0.0,1380.0,0.0
48253,Jones County,2023,1.0,71386.12,1.0,0.0,2490.0,0.010494545437377208
48253,Jones County,2024,1.0,0.0,1.0,0.0,1480.0,0.0002866972477062576
48493,Wilson County,2019,0.0,0.0,0.0,0.0,0.0,0.0
48493,Wilson County,2020,0.0,0.0,0.0,0.0,4340.0,0.0
48493,Wilson County,2021,3.0,7875.75,3.0,4.0,12100.0,0.030613748415548637
48493,Wilson County,2022,0.0,0.0,0.0,0.0,6270.0,0.0
48493,Wilson County,2023,0.0,0.0,0.0,0.0,4720.0,0.0
48493,Wilson County,2024,0.0,0.0,0.0,0.0,5190.0,0.0
48281,Lampasas County,2019,0.0,0.0,0.0,0.0,0.0,0.0
48281,Lampasas County,2020,0.0,0.0,0.0,1.0,14400.0,0.008333333332986111
48281,Lampasas County,2021,0.0,0.0,0.0,1.0,8500.0,0.0068965517239001186
48281,Lampasas County,2022,2.0,5968.24,2.0,0.0,598.0,0.0056166311129328015
48281,Lampasas County,2023,0.0,0.0,0.0,0.0,2040.0,0.0
48281,Lampasas County,2024,2.0,0.0,2.0,3.0,74200.0,0.015207540836519
48177,Gonzales County,2019,0.0,0.0,0.0,0.0,0.0,0.0
48177,Gonzales County,2020,0.0,0.0,0.0,1.0,5260.0,0.008333333332986111
48177,Gonzales County,2021,7.0,219274.93,7.0,9.0,35400.0,0.07958507368144183
48177,Gonzales County,2022,0.0,0.0,0.0,0.0,0.0,0.0
48177,Gonzales County,2023,1.0,15095.94,1.0,2.0,9710.0,0.03289907000616723
48177,Gonzales County,2024,1.0,19684.47,1.0,1.0,16800.0,0.005274187113205506
48305,Lynn County,2019,0.0,0.0,0.0,0.0,0.0,0.0
48305,Lynn County,2020,0.0,0.0,0.0,0.0,0.0,0.0
48305,Lynn County,2021,0.0,0.0,0.0,0.0,0.0,0.0
48305,Lynn County,2022,1.0,21727.039999999997,1.0,0.0,0.0,0.0036532126958523673
48305,Lynn County,2023,0.0,0.0,0.0,0.0,0.0,0.0
48305,Lynn County,2024,0.0,0.0,0.0,0.0,0.0,0.0
48151,Fisher County,2019,0.0,0.0,0.0,1.0,672.0,0.006249999999804689
48151,Fisher County,2020,0.0,0.0,0.0,1.0,165.0,0.008333333332986111
48151,Fisher County,2021,0.0,0.0,0.0,1.0,2340.0,0.0068965517239001186
48151,Fisher County,2022,0.0,0.0,0.0,0.0,17.3,0.0
48151,Fisher County,2023,0.0,0.0,0.0,0.0,153.0,0.0
48151,Fisher County,2024,0.0,0.0,0.0,0.0,79.7,0.0
48327,Menard County,2019,1.0,40000.0,1.0,1.0,20000.0,0.006407306673958812
48327,Menard County,2020,0.0,0.0,0.0,0.0,113.0,0.0
48327,Menard County,2021,0.0,0.0,0.0,1.0,161.0,0.0068965517239001186
48327,Menard County,2022,0.0,0.0,0.0,0.0,56.8,0.0
48327,Menard County,2023,0.0,0.0,0.0,0.0,126.0,0.0
48327,Menard County,2024,0.0,0.0,0.0,1.0,352.0,0.004878048780368829
48389,Reeves County,2019,0.0,0.0,0.0,1.0,1400.0,0.006249999999804689
48389,Reeves County,2020,0.0,0.0,0.0,1.0,329.0,0.008333333332986111
48389,Reeves County,2021,0.0,0.0,0.0,2.0,2130.0,0.013793103447800237
48389,Reeves County,2022,0.0,0.0,0.0,0.0,371.0,0.0
48389,Reeves County,2023,0.0,0.0,0.0,0.0,309.0,0.0
48389,Reeves County,2024,0.0,0.0,0.0,1.0,2310.0,0.004878048780368829
48433,Stonewall County,2019,0.0,0.0,0.0,2.0,3590.0,0.012499999999609377
48433,Stonewall County,2020,0.0,0.0,0.0,0.0,1810.0,0.0
48433,Stonewall County,2021,0.0,0.0,0.0,0.0,1350.0,0.0
48433,Stonewall County,2022,0.0,0.0,0.0,1.0,2030.0,0.028571428567346943
48433,Stonewall County,2023,0.0,0.0,0.0,0.0,0.0,0.0
48433,Stonewall County,2024,0.0,0.0,0.0,0.0,0.0,0.0
48367,Parker County,2019,1.0,4358.86,1.0,3.0,7130.0,0.018860502012810025
48367,Parker County,2020,3.0,69833.53,3.0,4.0,35400.0,0.03602624482855186
48367,Parker County,2021,13.0,627663.14,13.0,4.0,38300.0,0.0715845512246161
48367,Parker County,2022,0.0,0.0,0.0,0.0,805.0,0.0
48367,Parker County,2023,1.0,57315.73,1.0,0.0,6950.0,0.0089530555295288
48367,Parker County,2024,0.0,0.0,0.0,1.0,14800.0,0.004878048780368829
48385,Real County,2019,0.0,0.0,0.0,0.0,0.0,0.0
48385,Real County,2020,0.0,0.0,0.0,0.0,0.0,0.0
48385,Real County,2021,0.0,0.0,0.0,0.0,0.0,0.0
48385,Real County,2022,1.0,26039.09,1.0,0.0,0.0,0.0038475921580647257
48385,Real County,2023,0.0,0.0,0.0,0.0,0.0,0.0
48385,Real County,2024,0.0,0.0,0.0,0.0,0.0,0.0
48247,Jim Hogg County,2019,0.0,0.0,0.0,0.0,0.0,0.0
48247,Jim Hogg County,2020,0.0,0.0,0.0,0.0,0.0,0.0
48247,Jim Hogg County,2021,0.0,0.0,0.0,0.0,0.0,0.0
48247,Jim Hogg County,2022,0.0,0.0,0.0,0.0,0.0,0.0
48247,Jim Hogg County,2023,0.0,0.0,0.0,0.0,0.0,0.0
48247,Jim Hogg County,2024,0.0,0.0,0.0,0.0,0.0,0.0
48133,Eastland County,2019,3.0,37847.33,3.0,0.0,0.0,0.000364035486509613
48133,Eastland County,2020,0.0,0.0,0.0,0.0,0.0,0.0
48133,Eastland County,2021,6.0,152188.51,6.0,0.0,0.0,0.013153297811724633
48133,Eastland County,2022,0.0,0.0,0.0,0.0,0.0,0.0
48133,Eastland County,2023,0.0,0.0,0.0,0.0,0.0,0.0
48133,Eastland County,2024,0.0,0.0,0.0,0.0,0.0,0.0
48021,Bastrop County,2019,0.0,0.0,0.0,2.0,42900.0,0.012499999999609377
48021,Bastrop County,2020,0.0,0.0,0.0,0.0,8780.0,0.0
48021,Bastrop County,2021,3.0,62320.8,3.0,2.0,23700.0,0.01965318034918875
48021,Bastrop County,2022,1.0,0.0,1.0,2.0,21600.0,0.05981665392612344
48021,Bastrop County,2023,0.0,0.0,0.0,0.0,8410.0,0.0
48021,Bastrop County,2024,0.0,0.0,0.0,0.0,12700.0,0.0
48285,Lavaca County,2019,0.0,0.0,0.0,0.0,0.0,0.0
48285,Lavaca County,2020,0.0,0.0,0.0,0.0,4540.0,0.0
48285,Lavaca County,2021,1.0,0.0,1.0,2.0,12000.0,0.014665703796838854
48285,Lavaca County,2022,0.0,0.0,0.0,0.0,4390.0,0.0
48285,Lavaca County,2023,0.0,0.0,0.0,1.0,7860.0,0.014285714284693878
48285,Lavaca County,2024,0.0,0.0,0.0,1.0,19100.0,0.004878048780368829
48267,Kimble County,2019,0.0,0.0,0.0,0.0,0.0,0.0
48267,Kimble County,2020,0.0,0.0,0.0,2.0,4270.0,0.016666666665972222
48267,Kimble County,2021,0.0,0.0,0.0,0.0,1320.0,0.0
48267,Kimble County,2022,0.0,0.0,0.0,0.0,112.0,0.0
48267,Kimble County,2023,0.0,0.0,0.0,1.0,1180.0,0.014285714284693878
48267,Kimble County,2024,1.0,9733.16,1.0,2.0,33700.0,0.010096908919321577
48393,Roberts County,2019,0.0,0.0,0.0,0.0,0.0,0.0
48393,Roberts County,2020,0.0,0.0,0.0,0.0,0.0,0.0
48393,Roberts County,2021,0.0,0.0,0.0,0.0,0.0,0.0
48393,Roberts County,2022,0.0,0.0,0.0,0.0,0.0,0.0
48393,Roberts County,2023,0.0,0.0,0.0,0.0,0.0,0.0
48393,Roberts County,2024,0.0,0.0,0.0,0.0,0.0,0.0
48217,Hill County,2019,0.0,0.0,0.0,2.0,14600.0,0.012499999999609377
48217,Hill County,2020,0.0,0.0,0.0,2.0,3930.0,0.016666666665972222
48217,Hill County,2021,0.0,0.0,0.0,2.0,9280.0,0.013793103447800237
48217,Hill County,2022,0.0,0.0,0.0,0.0,5440.0,0.0
48217,Hill County,2023,0.0,0.0,0.0,0.0,3140.0,0.0
48217,Hill County,2024,2.0,156149.19,2.0,5.0,16900.0,0.02583179165695002
48457,Tyler County,2019,5.0,20723.11,5.0,1.0,22800.0,0.006801103358565916
48457,Tyler County,2020,1.0,20586.63,1.0,0.0,9450.0,0.0008624311047692121
48457,Tyler County,2021,1.0,18782.41,1.0,1.0,23000.0,0.008746317873571099
48457,Tyler County,2022,0.0,0.0,0.0,0.0,6130.0,0.0
48457,Tyler County,2023,0.0,0.0,0.0,0.0,13300.0,0.0
48457,Tyler County,2024,12.0,308344.99,12.0,1.0,35000.0,0.010032742341272691
48129,Donley County,2019,0.0,0.0,0.0,1.0,125.0,0.006249999999804689
48129,Donley County,2020,0.0,0.0,0.0,0.0,0.0,0.0
48129,Donley County,2021,0.0,0.0,0.0,1.0,306.0,0.0068965517239001186
48129,Donley County,2022,0.0,0.0,0.0,1.0,7.66,0.028571428567346943
48129,Donley County,2023,0.0,0.0,0.0,0.0,5.48,0.0
48129,Donley County,2024,0.0,0.0,0.0,0.0,0.0,0.0
48345,Motley County,2019,0.0,0.0,0.0,0.0,0.0,0.0
48345,Motley County,2020,0.0,0.0,0.0,0.0,0.0,0.0
48345,Motley County,2021,0.0,0.0,0.0,0.0,0.0,0.0
48345,Motley County,2022,0.0,0.0,0.0,0.0,0.0,0.0
48345,Motley County,2023,0.0,0.0,0.0,0.0,0.0,0.0
48345,Motley County,2024,0.0,0.0,0.0,0.0,0.0,0.0
48109,Culberson County,2019,0.0,0.0,0.0,0.0,112.0,0.0
48109,Culberson County,2020,1.0,63111.62,1.0,0.0,0.0,0.0014187368288436281
48109,Culberson County,2021,0.0,0.0,0.0,0.0,0.0,0.0
48109,Culberson County,2022,0.0,0.0,0.0,0.0,0.0,0.0
48109,Culberson County,2023,0.0,0.0,0.0,0.0,0.0,0.0
48109,Culberson County,2024,0.0,0.0,0.0,0.0,0.0,0.0
48047,Brooks County,2019,0.0,0.0,0.0,0.0,0.0,0.0
48047,Brooks County,2020,0.0,0.0,0.0,0.0,127.0,0.0
48047,Brooks County,2021,1.0,0.0,1.0,1.0,246.0,0.0077691520729387354
48047,Brooks County,2022,0.0,0.0,0.0,0.0,133.0,0.0
48047,Brooks County,2023,0.0,0.0,0.0,0.0,22.5,0.0
48047,Brooks County,2024,0.0,0.0,0.0,1.0,362.0,0.004878048780368829
48165,Gaines County,2019,0.0,0.0,0.0,0.0,0.0,0.0
48165,Gaines County,2020,0.0,0.0,0.0,0.0,0.0,0.0
48165,Gaines County,2021,0.0,0.0,0.0,0.0,0.0,0.0
48165,Gaines County,2022,0.0,0.0,0.0,0.0,0.0,0.0
48165,Gaines County,2023,0.0,0.0,0.0,0.0,0.0,0.0
48165,Gaines County,2024,0.0,0.0,0.0,0.0,0.0,0.0
48485,Wichita County,2019,1.0,719.39,1.0,2.0,28100.0,0.012605722587917098
48485,Wichita County,2020,1.0,0.0,1.0,3.0,8330.0,0.025593119809159293
48485,Wichita County,2021,1.0,0.0,1.0,3.0,10500.0,0.021562255520738975
48485,Wichita County,2022,0.0,0.0,0.0,0.0,6850.0,0.0
48485,Wichita County,2023,1.0,0.0,1.0,0.0,3800.0,0.002673796791429552
48485,Wichita County,2024,4.0,223898.99,4.0,2.0,3880.0,0.012147712976922631
48145,Falls County,2019,0.0,0.0,0.0,1.0,41400.0,0.006249999999804689
48145,Falls County,2020,0.0,0.0,0.0,0.0,29900.0,0.0
48145,Falls County,2021,0.0,0.0,0.0,1.0,30100.0,0.0068965517239001186
48145,Falls County,2022,0.0,0.0,0.0,0.0,0.0,0.0
48145,Falls County,2023,0.0,0.0,0.0,0.0,4980.0,0.0
48145,Falls County,2024,1.0,58640.89,1.0,1.0,42900.0,0.005490775767997655
48487,Wilbarger County,2019,0.0,0.0,0.0,1.0,6440.0,0.006249999999804689
48487,Wilbarger County,2020,0.0,0.0,0.0,0.0,446.0,0.0
48487,Wilbarger County,2021,0.0,0.0,0.0,1.0,2030.0,0.0068965517239001186
48487,Wilbarger County,2022,0.0,0.0,0.0,1.0,1900.0,0.028571428567346943
48487,Wilbarger County,2023,0.0,0.0,0.0,0.0,837.0,0.0
48487,Wilbarger County,2024,0.0,0.0,0.0,0.0,832.0,0.0
48415,Scurry County,2019,0.0,0.0,0.0,0.0,1050.0,0.0
48415,Scurry County,2020,0.0,0.0,0.0,0.0,964.0,0.0
48415,Scurry County,2021,0.0,0.0,0.0,2.0,2470.0,0.013793103447800237
48415,Scurry County,2022,0.0,0.0,0.0,1.0,2030.0,0.028571428567346943
48415,Scurry County,2023,0.0,0.0,0.0,0.0,560.0,0.0
48415,Scurry County,2024,0.0,0.0,0.0,3.0,1680.0,0.014634146341106486
48417,Shackelford County,2019,0.0,0.0,0.0,1.0,8010.0,0.006249999999804689
48417,Shackelford County,2020,0.0,0.0,0.0,3.0,11300.0,0.024999999998958335
48417,Shackelford County,2021,0.0,0.0,0.0,4.0,27200.0,0.027586206895600474
48417,Shackelford County,2022,0.0,0.0,0.0,0.0,1610.0,0.0
48417,Shackelford County,2023,0.0,0.0,0.0,0.0,2790.0,0.0
48417,Shackelford County,2024,0.0,0.0,0.0,1.0,4140.0,0.004878048780368829
48197,Hardeman County,2019,0.0,0.0,0.0,1.0,5120.0,0.006249999999804689
48197,Hardeman County,2020,0.0,0.0,0.0,0.0,756.0,0.0
48197,Hardeman County,2021,0.0,0.0,0.0,1.0,2040.0,0.0068965517239001186
48197,Hardeman County,2022,0.0,0.0,0.0,1.0,3400.0,0.028571428567346943
48197,Hardeman County,2023,0.0,0.0,0.0,0.0,0.0,0.0
48197,Hardeman County,2024,0.0,0.0,0.0,0.0,249.0,0.0
48009,Archer County,2019,0.0,0.0,0.0,0.0,0.0,0.0
48009,Archer County,2020,0.0,0.0,0.0,1.0,3660.0,0.008333333332986111
48009,Archer County,2021,0.0,0.0,0.0,0.0,582.0,0.0
48009,Archer County,2022,0.0,0.0,0.0,0.0,373.0,0.0
48009,Archer County,2023,0.0,0.0,0.0,0.0,462.0,0.0
48009,Archer County,2024,0.0,0.0,0.0,1.0,1470.0,0.004878048780368829
48275,Knox County,2019,0.0,0.0,0.0,1.0,2180.0,0.006249999999804689
48275,Knox County,2020,0.0,0.0,0.0,1.0,2570.0,0.008333333332986111
48275,Knox County,2021,0.0,0.0,0.0,1.0,3160.0,0.0068965517239001186
48275,Knox County,2022,0.0,0.0,0.0,1.0,2170.0,0.028571428567346943
48275,Knox County,2023,0.0,0.0,0.0,0.0,1360.0,0.0
48275,Knox County,2024,0.0,0.0,0.0,2.0,8350.0,0.009756097560737658
48331,Milam County,2019,0.0,0.0,0.0,2.0,35300.0,0.012499999999609377
48331,Milam County,2020,0.0,0.0,0.0,1.0,6280.0,0.008333333332986111
48331,Milam County,2021,0.0,0.0,0.0,3.0,17500.0,0.02068965517170036
48331,Milam County,2022,0.0,0.0,0.0,0.0,17400.0,0.0
48331,Milam County,2023,0.0,0.0,0.0,0.0,10500.0,0.0
48331,Milam County,2024,0.0,0.0,0.0,3.0,18800.0,0.014634146341106486
