GEOID,n_obs,Q2yr_gev,Q10yr_gev,Q50yr_gev,Q100yr_gev,gev_shape,aic_gev,Q2yr_lp3,Q10yr_lp3,Q50yr_lp3,Q100yr_lp3,aic_lp3,Q100yr_best,best_model
48001,89,1053.5154398171233,28790411.539773967,6258405269540.465,1129293002243928.0,-7.441052717912731,2446.2337444192563,36820.468843676106,88548.24076312667,124305.22299805025,136187.10292522804,224.96428983168113,136187.10292522804,LP3
48005,79,1100.2444949294463,1200.160953466304,20589.296499046224,182035.1677701963,-3.191405894055378,2182.275689235927,12016.101789013706,28563.147946129448,41427.991749668545,46132.43780352291,192.9822203070785,46132.43780352291,LP3
48009,75,226.42055675881687,636487.0582593058,9213227580.12291,528930972563.8036,-5.800854224342386,1561.6786865289766,1672.103764265628,7994.193830727521,24122.635566620876,36715.71115771674,231.04178007067176,36715.71115771674,LP3
48011,54,1180.2748723321806,1226.6768591759478,5350.622896301707,29042.98287434706,-2.7201436465833355,1439.2475287833297,6699.197562546944,22796.95386765869,51166.25004448188,68954.81550106689,147.5414832418473,68954.81550106689,LP3
48013,28,46.690644507796065,2448547.4156099013,92661334351.9862,7984920502352.217,-6.382542779413885,560.3628167344228,2035.0736580368152,5405.835011990436,6157.969409307781,6247.31071197441,86.7044651771178,6247.31071197441,LP3
48015,49,61.864791492437135,2657683.856569184,61654419646.92509,4320046156912.036,-6.08623907954318,1242.1359084568292,15308.619829834422,67675.87179378614,120653.14014136358,141066.41899181958,178.01379872255183,141066.41899181958,LP3
48019,76,89.1645251808228,4199592.903643406,135730148821.39438,10941603607593.25,-6.287013014193295,1818.4186413443997,7569.734559498599,51444.764872176114,127696.88224420918,169021.67187193115,301.0169663633116,169021.67187193115,LP3
48021,86,133.56051316496809,7751119.984511592,390440514484.9025,37969359071605.36,-6.555700173748976,2263.061908643081,21715.7760042026,92380.93727275771,172463.4799176133,206694.3172948188,297.7454308355107,206694.3172948188,LP3
48023,95,579.8587415840293,8127026.827653323,707227414702.6305,86661365485840.67,-6.886763666514042,2409.157733685779,13420.453148175602,42732.555559168606,74417.75506671928,88391.79009321163,278.3550215421854,88391.79009321163,LP3
48025,57,52.302526596738495,1537603.105647636,24025487695.686703,1424421515748.3225,-5.846955038427289,1266.5540355273863,3127.521960519932,19119.19894935478,51796.65145341517,72435.07652773664,213.02415678218415,72435.07652773664,LP3
48027,96,193.53189462863745,3460238.5591564514,168865522464.1599,16203590365611.355,-6.53654593010606,2476.482819166259,14985.57343537396,42227.63287000438,67434.64620018611,77565.89610950471,264.1744193978592,77565.89610950471,LP3
48029,97,114.14076142540478,6401437.142484781,491408954887.0231,57105191725161.67,-6.810801560696053,2404.899126670308,10994.08702389652,45677.55680323552,78207.99647362983,90171.31464985356,339.9233508515842,90171.31464985356,LP3
48031,70,114.74173733195522,2596765.9523395575,59256096918.28067,4123194375971.733,-6.0762683786019345,1833.4233905637648,20007.24167114281,100045.53474633684,212551.2829439752,267644.47197878914,254.03594994216164,267644.47197878914,LP3
48033,32,31.37015318227719,2235477.130510648,79634243711.34541,6689122947961.009,-6.345927784243312,645.7848248933376,1260.4092342003169,6912.911211384554,17993.07981803503,24917.31724765629,117.55928550902216,24917.31724765629,LP3
48035,94,109.52139825838832,8583518.28718525,466001098338.0797,46775378094905.69,-6.601051959324441,2501.248844178827,22618.792133150393,70733.27755438765,120485.7539138635,141770.09201757942,274.4176657441807,141770.09201757942,LP3
48037,85,85.77563430750124,1703559.24800727,28651139139.892223,1752351835651.2388,-5.891519053822281,2253.239881244315,28279.892032227493,132917.75986331917,221082.16514735873,249664.13898147873,318.837569741021,249664.13898147873,LP3
48039,72,209.1029541042128,12222070.60504434,1504108999312.017,213384868651868.53,-7.09656507036437,1862.60308661192,22832.242004323016,85200.20471541965,117187.146643942,124380.61350150737,256.4986388072374,124380.61350150737,LP3
48041,66,939.9070624311804,53933086.35528189,20035127293501.14,4534356482663237.0,-7.765495964518822,1836.530438557096,53071.38486941018,129004.68255766996,159789.03073965528,166283.25313694248,183.75289901398,166283.25313694248,LP3
48043,66,1907.9811026989912,7393785.89176095,1258178655091.16,204724551364472.28,-7.292929223819284,1733.5018603148972,19414.199091532864,43206.16545361023,67503.53204851646,78524.42334073123,136.98726064638612,78524.42334073123,LP3
48045,26,31.391322283442925,1861948.9235444977,58208574271.171005,4626813285187.575,-6.266864413412129,487.8997654205373,1166.4782762210618,6883.184191481818,11663.634709928234,13104.649960058789,109.99812726737832,13104.649960058789,LP3
48049,88,48.37567873827328,8917498.438904477,497367375000.8459,50496109690444.555,-6.617377113062206,2237.528116257011,15159.13048360108,45267.52276790088,63830.446591011154,69097.39570945036,270.67693194200405,69097.39570945036,LP3
48051,96,59.51956812406807,3715976.8326358544,109949534873.48552,8538563649718.064,-6.233544419969093,2387.2423876795433,12033.945619952116,49731.66755988099,82018.19077368188,93031.16219621978,339.3270160984029,93031.16219621978,LP3
48053,56,38.23097660979173,1505559.9248597545,23152238926.597393,1363410709507.752,-5.837283774534654,1213.101758550072,2788.640576524825,11894.988673288932,21421.627377006756,25232.060689518963,198.43690818930745,25232.060689518963,LP3
48055,92,150.65285509343158,19300902.11721514,3311180221443.878,540575941813192.56,-7.297698816555037,2276.6365947670865,9835.771852369578,49364.33694813658,107204.46628156576,136435.60006956605,330.4558415283899,136435.60006956605,LP3
48061,42,354.32179739639815,3201812.6160065145,115316231895.09164,9731771537864.443,-6.352629467457344,1028.679593626438,13968.60280381428,28860.205850095634,31280.180094054187,31516.413449358304,96.41402031507856,31516.413449358304,LP3
48063,17,157.8864072704975,2591250.0298504625,108260063444.04924,9727773930702.918,-6.442474862970945,355.51860641967517,6355.67281785913,21199.787802996452,24250.10987235364,24558.24907814971,57.515562539380774,24558.24907814971,LP3
48067,40,89.06754938025718,3607210.010405196,187510649994.76517,18479162977559.973,-6.574754969680253,891.8567593732804,5293.939069873435,11399.905452844405,12420.632844630749,12521.251416225768,99.15882202977797,12521.251416225768,LP3
48071,19,206.0680296114081,221.95217614900537,369.715831367595,633.8709801824186,-1.3692959814687753,517.4266176534622,1373.857986666416,236661.50827810576,49395078.82794639,504689698.7753355,,504689698.7753355,LP3
48073,85,479.0452400542525,5315264.53857334,316025498913.19617,32965168843834.77,-6.656135124837094,2023.26576962065,6975.634967653486,19835.160032133936,32675.450677466164,38137.94304883652,232.40280086461036,38137.94304883652,LP3
48075,56,48.16626874379438,5544770.698946945,219108827314.72983,19229679963583.844,-6.4087280555241986,1383.6031949635542,12337.59365901679,49918.63344692431,79990.55199845234,89729.2909647611,200.00897568451705,89729.2909647611,LP3
48077,68,208.2292529365446,3045368.535665846,135185494565.15926,12462592877596.56,-6.479190091031095,1537.0510647573697,3704.255440362074,11051.412741937096,19907.45715418435,24208.539541312704,185.8896225634101,24208.539541312704,LP3
48081,87,31.23574190905421,2141611.2598323,39539167729.19318,2515493421091.227,-5.947965658609089,2022.123916274037,5862.869557660646,20035.18314562404,29031.962636145145,31542.936710857302,289.4172400676112,31542.936710857302,LP3
48083,78,39.891766139717774,876374.8566117625,8485930787.267231,410969305559.3128,-5.557218858638079,1706.7178639814174,2667.5815005647487,21740.410475653145,68111.41736688161,99785.27105251906,313.20469699923626,99785.27105251906,LP3
48085,71,569.6276447224417,2748840.6270532357,122921982030.40675,11367942187857.494,-6.483721285615488,1642.9168322859073,5436.799451306391,19281.526610268214,38227.75177727606,48017.37640555215,214.38940841943665,48017.37640555215,LP3
48087,67,100.34876291098976,2961477.1965616755,129637469565.66362,11880567781328.908,-6.470709164166385,1572.494578771845,5331.8193624104415,37196.56181218197,110465.8772078901,159901.9058044029,257.51816683965365,159901.9058044029,LP3
48089,94,258.87091345751355,11337953.916144138,1320470153160.3508,183017621619355.47,-7.063190979415987,2548.9699495147433,30514.788598419826,99058.66631867086,153841.7479598902,172710.75460708034,294.355856290265,172710.75460708034,LP3
48091,108,121.2972935453175,4712554.02108172,289074131518.5319,30553525625211.777,-6.674995203030916,2746.8893164467295,13046.177482079696,62155.069808207096,129494.23132485567,162183.42416709894,381.73167992569705,162183.42416709894,LP3
48093,79,65.32064971553528,1024174.0989423884,20620437866.88398,1360862176172.203,-6.0004692094346606,1840.229133572168,5101.599679464317,18146.09096574213,31288.108681824702,36627.455631987556,253.373019772452,36627.455631987556,LP3
48095,96,191.15982614569563,2065570.2272333044,69538057579.45633,5703334170441.566,-6.311752113772579,2321.9923031075696,7266.495045506722,42925.91319249571,114565.36994043968,159524.83232776253,350.6055318899518,159524.83232776253,LP3
48097,47,733.5532281047804,4366710.802900214,181366843178.43536,16257074166826.764,-6.438976854291358,1098.7977456276435,6479.206335625243,20918.620345180487,41010.09880317288,51708.027070729215,133.6606204871672,51708.027070729215,LP3
48099,70,173.78423019471674,3809196.489358631,199398890234.678,19709061339391.695,-6.5789987852268474,1775.835257064789,13231.37083346273,47249.413886531605,84387.37023916369,100462.58283749972,222.63992164175016,100462.58283749972,LP3
48101,46,6456.513274276835,14602.239029808654,22971.60745147492,26901.096600851677,-0.0899209257631885,913.9802694189584,6146.644027612496,15455.595838859175,22520.452794595152,25019.819287138467,122.1915135351332,25019.819287138467,LP3
48105,19,34.46444878475856,2328822.649079197,85496934538.84436,7273636344491.016,-6.3641705052809385,363.5210486540904,1132.8308669686046,5964.018181848423,11861.312355958426,14401.127913730345,76.19186432060175,14401.127913730345,LP3
48109,21,71.16918165994653,9357811.612788863,306635781285.8713,24862959680910.87,-6.295341183571633,244.92416799251757,64.037498150449,403.8033738582563,1092.3432377386507,1521.6111076140294,83.38351301896218,1521.6111076140294,LP3
48113,115,1260.924819723553,14336933.651407778,1873333059170.8977,272592688138172.8,-7.132890406205389,3068.4512026403822,23503.94396684301,64083.242494762824,105415.94413583347,123430.54981001886,299.1951750627854,123430.54981001886,LP3
48117,39,20.0146512290693,261813.7171449289,1064704976.0914778,35731676311.59522,-5.031920169624515,747.947006648274,1027.3548421994424,5972.124143135769,9805.58669461138,10890.857912952968,162.17655515065354,10890.857912952968,LP3
48119,72,501.4832656265056,4427198.341874506,230200073392.41544,22689746323657.02,-6.574978651795476,1756.6110159653826,9399.50474710252,24955.313529745217,37989.46744776485,42907.11479543759,193.6102248713564,42907.11479543759,LP3
48121,88,915.4405310543476,3310562.894866125,156159032026.07565,14771815895499.104,-6.516087835847104,2169.919826777461,9542.509633299647,29069.069032515195,56130.7007323907,70641.46829146078,233.19092446161983,70641.46829146078,LP3
48123,82,59.4025915584724,8960393.723646995,466075594815.6072,45943656758103.31,-6.575127096265819,2107.485366167165,15392.80167010391,83305.92561514376,190637.8249579576,247365.6271979859,301.34238852937153,247365.6271979859,LP3
48127,71,29.47001649483402,1592700.2342110889,25519187661.393925,1529116145641.8186,-5.862149215682219,1608.4363414129405,4827.25212348756,17282.325699594636,24481.0899423503,26305.405428528804,245.4454352396818,26305.405428528804,LP3
48129,30,19.835270212664653,66193.19835463882,107834454.10441168,2458324469.659629,-4.47807331529169,508.7759605979701,286.9469395421677,5277.881093072726,34739.370808259075,69187.80142783017,137.49796888971886,69187.80142783017,LP3
48137,12,267.4670792835454,1972.690982641429,10633.043766217444,21593.539022734967,-1.012601960732043,185.988865062936,269.4572602669019,2151.8570494427204,9468.62736650094,16676.420822593383,48.59101381415798,16676.420822593383,LP3
48139,82,61.58445223181566,3729560.366859985,110492022052.10304,8585313764570.452,-6.23431554244128,2174.5489223217533,23698.166877251,72862.09436129121,109831.1296994609,122122.307067766,250.8394397953685,122122.307067766,LP3
48141,95,36.20480788193467,1267982.1575105458,17208299626.773056,961233252183.2952,-5.761621886048355,2146.558669041058,3857.798361884737,11250.14829052842,17213.940651152774,19345.082379010106,275.88323256801266,19345.082379010106,LP3
48143,23,313.6848089448722,2260591.1135123395,79773120193.5933,6674482124184.927,-6.34029401601145,511.3058568416733,4030.941537439587,21175.457915354946,60428.14531773155,88284.28605040004,81.69326372508155,88284.28605040004,LP3
48145,81,57.8618222780613,3953624.206344994,122272963777.35838,9674861974517.432,-6.260332474779888,2084.3514073601086,19219.104613271833,73288.88329736934,108949.33334751907,118895.6312874508,284.3596768358118,118895.6312874508,LP3
48147,36,9717.083038489936,21122.350610610036,35526.983676915705,43265.370664940034,-0.2073499448977301,735.2118745306708,9716.506140372878,21710.087998930107,34932.162170230076,41253.823638861286,75.3985091400493,41253.823638861286,LP3
48149,46,3849.392270974228,14318139.91177866,1996909361917.2104,298717234022307.56,-7.172473433417483,1215.5200276507194,26938.53090583634,101264.50526246493,238298.06856442135,325780.3400569601,135.21460575270862,325780.3400569601,LP3
48151,60,25.866620133897435,133137.42699151425,610599327.8950241,21561542505.49975,-5.10480043383604,1118.7587515976195,679.0269597237802,4074.311293099544,10323.220322388885,13970.323319411367,226.18671039653603,13970.323319411367,LP3
48153,30,161.52084955135678,1424.7500354416316,6404.825898568151,11833.27321919328,-0.8643861122734298,473.34859101392425,298.45230605773327,1952.1394274559816,7561.993176032207,12716.568859423873,105.80015266887828,12716.568859423873,LP3
48155,59,471.3491910354584,8720551.809647715,1493433713848.228,243638365803535.38,-7.296662742723534,1310.9690287805083,3260.3823744117226,11230.951464275837,25240.097961866177,33992.26512539581,162.5551792893127,33992.26512539581,LP3
48157,98,331.4649689190158,24525864.059417363,5018309228465.533,882642775357869.0,-7.404395925403858,2735.260184176685,47942.851946046954,101004.28245538675,117319.71732010422,120153.87556474668,240.8983121262706,120153.87556474668,LP3
48159,61,918.9816663462532,3840650.056365642,677125457830.1791,111840495521548.23,-7.314372837112709,1637.620003346775,27601.308065838675,58697.0358598373,73034.09604686193,76571.89121391647,146.2600549506058,76571.89121391647,LP3
48161,46,12597.91176128737,52934.87550086508,161929.02985017793,256499.8878077735,-0.6446400091799773,1017.5939366989144,14262.93084089358,48105.1742008895,86859.00969479159,104505.98828220916,141.78339450186024,104505.98828220916,LP3
48163,91,58.50179334929328,2468917.389555282,54313608465.406395,3721213239541.6953,-6.054090858995339,2111.174943204506,5060.28935401675,32327.794080968637,81456.3269077549,109259.67502644856,349.53270420513394,109259.67502644856,LP3
48167,26,323.51416039656414,2977533.1664245273,120697172310.7666,10707919855442.47,-6.4242141587927115,585.6359622669731,4825.203036241088,16497.93229730449,30934.464289118412,37890.736273974995,82.17579423754832,37890.736273974995,LP3
48169,56,105.85223226756898,2667999.7200374654,107813836552.07571,9552089492745.7,-6.4222877759076695,1376.8095487835503,10402.47601161868,30757.916155153707,43962.655882423576,47886.53252749996,172.18265414097186,47886.53252749996,LP3
48171,50,51.929086400989874,2697128.3955694684,63255387470.1248,4452692725964.752,-6.092838160812885,1178.9002795542335,6887.034873087293,47125.312488645104,108502.25167164682,138319.15825455796,203.80597476688897,138319.15825455796,LP3
48175,81,105.2819616500385,6717981.890434742,534145085200.556,62999985080729.016,-6.832068267676599,2023.9238499943544,10316.601561997846,36938.07267453847,69802.06055427989,85460.30590740175,251.05872571815544,85460.30590740175,LP3
48177,75,103.12411826673237,4161026.879038683,133556352643.68285,10734935027913.65,-6.282825480288169,1884.9438182790352,12965.670085817836,72954.2503947079,166960.22334807692,215870.8544277757,280.9611772182442,215870.8544277757,LP3
48179,28,75.9448159636465,1806467.900773917,54808520533.426125,4301810434574.651,-6.248753276072296,565.4704976068347,1395.8556193067918,6671.408856506782,16754.10898358938,23099.780596618963,97.4236064046234,23099.780596618963,LP3
48181,36,315.34179941100666,2884479.2739815363,94721730571.84012,7687639501375.677,-6.296704484840396,763.5793274804147,2393.793854072218,8188.225644931796,17823.893470673047,23613.794469695586,102.90210709252004,23613.794469695586,LP3
48183,95,1130.4202993138383,3886340.005535811,297830644470.4635,34589196709028.703,-6.809939403035081,2424.757583230634,13182.5968975496,39806.912175900055,76299.21271864545,95738.21696548644,250.14786062218536,95738.21696548644,LP3
48185,10,602.5745124479781,689622.7283537551,147102603144.73706,26341925843500.09,-7.430117788412769,215.43361748218192,14695.181149174108,27253.038801983395,28799.49843951562,28921.26378322755,16.643131956216244,28921.26378322755,LP3
48187,27,194.9031680362795,2747283.8364270465,113556690915.80194,10157668520628.031,-6.435998291823999,599.0262954028135,4561.996952909906,25235.523014876224,54360.66783524733,68310.6275847406,105.83062374725984,68310.6275847406,LP3
48189,55,15.811261362524457,28.47897665558809,71.05830779307772,113.24333011745784,-0.7714267972729274,1137.4223328755345,188.73783740875496,1747.1619453997023,8329.405815679693,15063.997262825136,210.3475552402504,15063.997262825136,LP3
48191,52,2992.2834350448584,21860348.419458855,1244687884944.7278,127484383747712.6,-6.629961335337573,1287.394990563779,15664.616072701874,46067.84227957945,86527.3306374283,107715.0089618286,137.57948402376593,107715.0089618286,LP3
48193,67,524.9961582921295,3404472.802410492,179414981661.7754,17785090343968.25,-6.583134825138529,1581.4044583265973,6060.3837177871455,19368.71047473075,38222.78425017815,48413.81530841268,185.3920918380949,48413.81530841268,LP3
48195,51,22.416042836136604,456500.6797772009,2968972907.7984886,121518598483.32538,-5.316234701386131,1036.1234765023748,1415.9056369405448,7751.240373123636,16795.095891335193,21184.823067080317,193.4297429945032,21184.823067080317,LP3
48197,79,136.55889726322044,3603952.9220495154,181995735161.29025,17717600784936.734,-6.557234694606963,1838.184557971192,4196.830203632596,40957.18368918213,188570.59535687993,332609.9592751477,309.28827166765217,332609.9592751477,LP3
48199,100,3360.2329677140965,3404.6809040730336,7807.683544264676,34462.53521349246,-2.78555726929818,3052.646170298231,24806.660185807417,57989.96567791451,94974.92563412969,112676.06543168765,211.85280046435153,112676.06543168765,LP3
48201,96,312.75741774903963,27360189.846187662,6088916213482.552,1109666790314868.0,-7.455265200012362,2519.3781226925594,17425.28292985293,62184.09589497744,127261.1565108458,162419.5722627744,284.637715172393,162419.5722627744,LP3
48203,24,90.68017170714688,2611597.579841803,104640623916.69383,9237646668871.855,-6.417133731791296,478.8415748229661,4720.637008271942,23125.182220416737,31074.290137733333,32472.417451851157,100.36837320113456,32472.417451851157,LP3
48205,19,1.6586806756857786,10.480166357336294,47.161917454330045,88.43301680667122,-0.8955285849322837,420.2551831006066,234.90434032985192,3838.190690946314,15881.749220693242,25074.07087557307,92.95813201253738,25074.07087557307,LP3
48207,24,359.4226608940723,6144958.955050745,1248160028158.225,218857254996896.84,-7.399987131497907,467.1545716024198,1404.227236339403,3206.3351918150206,5352.659804746538,6431.540594547744,52.088172135125376,6431.540594547744,LP3
48209,89,39.74440914852324,1068235.8385700055,11946282139.18881,614876414344.0709,-5.644430721105479,2162.2437311669314,9145.568744319182,57629.7633546264,122248.44058857196,150865.37212797548,353.8292517711311,150865.37212797548,LP3
48211,78,108.83276510227472,2705751.2360460907,110821779358.1882,9874647817595.678,-6.430442056733872,1780.962335288539,4749.13327148091,38908.27196738346,106715.35349575063,145977.89688053945,322.59484826758654,145977.89688053945,LP3
48213,75,3744.878897017332,4585295.579115461,189230289569.18268,16920725288956.904,-6.435493791297882,1990.8482227556176,29185.020871879136,65941.76546370552,92494.79393825408,101781.96328530752,176.14993170967225,101781.96328530752,LP3
48215,38,3608.183603621288,1580952.1362798589,8436447354.8582115,317891932689.1896,-5.197788129202208,958.3919534220717,32983.601991807845,73060.06257898171,81761.0271926201,82841.59286101047,103.2232905198923,82841.59286101047,LP3
48217,80,41.06279896700562,4961653.865068277,180893323019.44177,15344278497448.098,-6.359958819735663,2009.364805970341,11762.1612819325,35099.675873730215,55708.33195203377,63580.677998425606,233.54606899884192,63580.677998425606,LP3
48225,54,5563.4045218482925,19486708.358693853,16366367435201.023,5229950811125434.0,-8.259583779727363,1473.669469064919,36929.31365516416,73076.56325579918,99579.87113036714,109256.9129486982,106.0102041586298,109256.9129486982,LP3
48227,24,225.1384197051791,1552.650250737997,7774.164077364774,15286.10414255096,-0.9655095116042028,355.14119899699904,242.49562624010645,1477.2964140129843,4612.162225755417,6956.196202129165,89.20046977889164,6956.196202129165,LP3
48229,18,77.41841749705435,147.84022054085318,182.69394464058644,192.6971915242138,0.3214512024515259,201.66722144012903,82.72695692193578,158.79900891575687,172.9353497576561,174.54486027483344,51.90049428115415,174.54486027483344,LP3
48231,60,1084.5429808779268,1445.1234879584763,17780.086532509085,85132.85252300951,-2.314525240067522,1610.2676157250603,11196.881108152294,20113.737200240656,24492.685310077548,25693.878307321273,109.59184785349304,25693.878307321273,LP3
48233,15,113.37590791587589,57347.65136472653,641506599.0062975,33049377260.13423,-5.645773465805597,278.3144118348325,1541.626573035392,3246.3114790859295,3571.152506549313,3607.6349648302,40.26016200687186,3607.6349648302,LP3
48235,53,20.728927570680582,298801.2350765622,1335489149.3445451,46645149438.223625,-5.08911132849716,1049.927712347952,1882.824424161836,10402.505156950989,14210.997173610956,14875.73236171255,222.3827110098648,14875.73236171255,LP3
48237,65,40.770124949105366,2632045.0768667366,105620098155.27373,9330023472910.54,-6.4180411086757445,1445.5303254585428,2932.9883527294633,12829.945690220193,28114.294671513177,36420.93813853911,217.80124728645336,36420.93813853911,LP3
48239,77,1006.513657226766,24159702.38730856,4678569257599.42,803964749755810.1,-7.371075869537853,1950.432194423232,13388.777472341842,46798.020693803526,95048.53247394372,121085.51205410733,226.47103042114605,121085.51205410733,LP3
48241,89,2432.721916233481,19785276.60554767,5303612486497.095,1045700261212541.6,-7.567994661022134,2339.445181589504,20174.92874356045,42661.37173824107,64059.69501504127,73372.80256931143,173.38949605658678,73372.80256931143,LP3
48243,43,18.41695792506907,1493508.0738904874,39674170806.49301,2943777369064.35,-6.168265965661853,866.2837047873275,1357.309288733447,4525.0921243282855,6932.226572465983,7721.188626825006,141.08578226764388,7721.188626825006,LP3
48245,59,1280.245762053573,1346.2119770731017,10183.154182503407,71980.12690675423,-2.967645731686262,1546.147939391855,6457.619379625662,19081.203016002593,39764.97134836678,52314.34099299312,143.75807959732734,52314.34099299312,LP3
48249,51,29.605750293297735,640429.723524551,9195445776.481848,526035006829.25085,-5.795757911367547,1009.5496801239244,1229.3773110863851,8965.771316157732,22258.336229400666,29278.59624132762,209.09257213999717,29278.59624132762,LP3
48251,39,185.37604666924213,1733082.3084958554,46536620113.59278,3468852795527.73,-6.174841624905849,836.897389070364,2965.501587406261,8223.480303506756,11825.7216933828,12967.5453245635,115.4566330610866,12967.5453245635,LP3
48253,94,103.1033921312605,12441207.124384925,1555111738888.594,222077238367084.2,-7.10599074627296,2122.5243109603107,3314.1437572974646,11962.541901257671,24397.56075096072,31045.191378189913,281.90267879532666,31045.191378189913,LP3
48255,94,520.7111274959556,3885857.629278406,196863055768.7373,19191787020471.312,-6.559238108726618,2285.5357405087525,8275.122962988005,28287.968264596773,54912.370475282434,68475.56835018119,276.5330594752783,68475.56835018119,LP3
48257,72,709.0518996549913,4300317.785845141,194455281134.97256,18067999848083.64,-6.490442388763697,1818.0241034709984,13226.54050718988,32345.71869721223,48822.83578971133,55301.39442790665,177.42920701255176,55301.39442790665,LP3
48259,88,141.8285630849716,127877.52179394197,567278732.1792399,19759549538.445255,-5.085201780803361,2238.4649233740647,14393.586104387046,91806.77624332505,194517.67756843223,239692.38694949533,351.52899011445527,239692.38694949533,LP3
48263,26,1136.7359913892683,4800.822097733421,15578.591864452545,25427.68862388543,-0.6938759878952405,451.0749405565444,1154.464469402477,4773.056248532165,12741.013195372168,18448.09117511974,79.86509023704234,18448.09117511974,LP3
48265,75,71.04227199832437,3654340.6002453384,106796429760.4736,8250446140703.079,-6.226055939501677,1736.570400066264,6311.626380839763,56481.14102071393,137350.0275912827,175879.67008825293,325.6319687201006,175879.67008825293,LP3
48267,92,140.60477232444714,3101985.687122758,80530603739.74329,5917596472198.079,-6.154373128106103,2292.428592490742,14894.54392445187,102896.94494582908,205883.56960386067,245736.47045548563,381.4532299089359,245736.47045548563,LP3
48269,46,152.9274687597374,808939.8336055588,13913106720.653225,859091885155.9365,-5.905159206145594,905.2845640980348,1044.8178210351257,7670.534653855722,35293.431231672126,64334.30920591044,158.8726931776941,64334.30920591044,LP3
48271,86,28.08727874656386,1543042.7714720836,22492180256.53959,1294906286130.0132,-5.8048761818354535,1943.933928890475,5145.018161018602,90627.07179697591,264433.65433360124,350272.3890040964,423.04829958782767,350272.3890040964,LP3
48273,10,103.83129054021562,218336.42325657784,4200451257.8894386,271979674248.57892,-5.973177125064421,161.31640725862894,373.7696136587403,2669.9550493163983,14767.60945831278,29891.730025765253,35.54048302680073,29891.730025765253,LP3
48275,56,365.86938651676326,211371.85092050297,3897275276.356168,247987544129.49475,-5.94820693750486,1237.7128274880188,2753.5423765559053,7753.481208102082,14958.427454788092,18978.876443598303,137.1696678793446,18978.876443598303,LP3
48277,65,880.556923065668,112762125.32111932,99856325475063.16,3.262816456006575e+16,-8.291479660527926,1797.1093779008131,38388.81409426273,66733.66930762853,80524.5560840273,84316.55379775699,110.40651271097376,84316.55379775699,LP3
48281,98,620.0806549592758,30669542.85829866,7446975782920.138,1408108717390626.2,-7.508042655065527,2641.3486343405816,24930.122450449948,74791.40980178524,134129.0059773595,162642.86657395255,267.4759924887195,162642.86657395255,LP3
48283,82,29.823323784245865,2362653.26045106,46856303299.67135,3072580300570.0283,-5.991297785021715,1922.5540072013016,5722.882645486332,26233.82860772962,48724.77294071622,57905.0219947254,295.59030939587234,57905.0219947254,LP3
48285,72,336.38202107738067,4812084.174938519,299249497269.4882,31813240859963.246,-6.683313610805374,1772.986158492973,9386.617975108818,35314.1844599844,70081.95950504922,87558.15385820757,226.9690352594029,87558.15385820757,LP3
48287,52,52.03177138167099,1214578.2096574786,27610942663.84009,1918167509202.915,-6.073974829596592,1063.7022262584958,1880.343553618251,8670.080200091765,14923.961251979086,17124.651166712356,194.0779721557965,17124.651166712356,LP3
48289,84,189.05798229426475,2902881.8471803064,124791224907.98586,11349334674949.502,-6.459759368704158,2135.6399535348646,15660.703901806726,46779.30638192101,64115.941348958746,68623.85934974872,261.7815555770834,68623.85934974872,LP3
48291,99,871.2199976592451,48376941.211034946,16152077559181.562,3494287754290613.0,-7.700880509652563,2756.3378118795513,41746.72113202008,95303.32274783954,129170.28837916986,139797.84778909592,240.16699633775065,139797.84778909592,LP3
48293,62,102.52579518026596,1580911.253867233,43827115415.32508,3311200881128.1313,-6.194139278755862,1476.1248670385582,6966.603159851203,22256.059675974117,26206.596216423983,26708.42705560428,184.98886532748304,26708.42705560428,LP3
48295,62,16.593244091422648,67039.17725485144,110190371.06372158,2521462691.603812,-4.483439650004365,1136.0451147331585,770.5630590469481,7909.562614394743,18359.050714964033,22785.978318142803,281.88339643843796,22785.978318142803,LP3
48297,102,80.8808996971522,5774772.606192896,235076702358.29605,20891790313964.457,-6.42671408797505,2520.506610565021,9725.532947563466,38534.46656814864,73849.69547572892,90207.58724914012,334.83203067489865,90207.58724914012,LP3
48299,88,1726.1715190433122,72684874.1035672,32398824618608.723,7919803096082120.0,-7.875846805268467,2386.599930186446,33255.367074182395,139928.70885778757,286900.7825261932,360562.79986101104,293.09736379668755,360562.79986101104,LP3
48303,13,140.56195732836767,170901.28715793145,2893538902.2362714,177531846886.75195,-5.89602901458788,239.7631641974098,1300.1877416945413,3533.0219197018937,4665.872213325311,4945.922928391702,43.412750651220726,4945.922928391702,LP3
48307,79,41.02087384630261,410264.3883557017,2471569082.029262,97939698488.42088,-5.269898416597396,1712.4248216386604,2670.1044772161667,22451.395543329993,65463.68070296363,92137.96684121342,325.46653503779504,92137.96684121342,LP3
48309,115,182.2448825680668,22535514.17179772,4320205822369.608,739211370618942.8,-7.364942736296253,3131.9665630713935,31090.475211132427,104232.67869584108,167958.1573597501,191318.3608645769,361.4005484777296,191318.3608645769,LP3
48311,91,128.14643832198058,1327425.0214542265,32367768973.61893,2316326151407.241,-6.116456417682735,2209.408903125568,8409.543116952063,33808.949328627416,60412.137754481766,71227.11972044017,309.47118511718793,71227.11972044017,LP3
48313,80,75.82086588596619,4743912.863471285,167423777213.62396,14007962822029.049,-6.340283621376468,2084.8960866695757,18427.356576362075,64968.255875631905,112895.9798196116,132757.8385289268,254.2091255107418,132757.8385289268,LP3
48315,97,377.5738509460928,2556715.935695448,95454854872.009,8179188047979.569,-6.374430515002665,2271.8648494032564,5164.540096568482,17145.950260913178,34916.51923573977,44786.693952321104,270.47059404694517,44786.693952321104,LP3
48319,55,198.38144868512384,7540496.815726686,372503830407.7681,35928114483789.79,-6.5439113712135875,1415.937033344657,18706.556136604973,117161.91278545192,273125.2326060123,352974.7091581226,215.91929041149157,352974.7091581226,LP3
48321,68,230.0106214011024,15568997.293627242,2274455430490.5234,346935816979414.5,-7.200405392407873,1818.8122664480632,27707.206992662817,65393.02532334943,83098.23023152519,87388.0249814293,180.95932036474747,87388.0249814293,LP3
48323,25,11700.703353038049,11714.947915245357,11894.891693120178,12275.705121430836,-1.5508030971523337,874.834970314455,40888.25664908221,164206.42753477237,511086.28675299376,807792.3817204318,67.14345032377295,807792.3817204318,LP3
48325,73,38.33937410090812,2927077.296581897,72817090600.10602,5255105327672.73,-6.128530315767138,1722.9735432416346,8078.72129361108,41981.07833396104,67163.06676657072,74259.99704273888,288.37263390749825,74259.99704273888,LP3
48327,91,47.0905514220614,1162327.6859392135,14835787888.299229,807495297662.8895,-5.724483485662404,2024.451074129207,4509.861898361568,42003.69082444362,93571.72023266109,114790.29744158416,403.52488812466584,114790.29744158416,LP3
48331,94,2480.195715599316,17100936.164893392,2690037509258.07,423383162310756.75,-7.245267658913725,2486.812489539299,21510.02833699599,79061.4572882625,186632.9882746672,256228.54712596256,263.9261682685257,256228.54712596256,LP3
48333,53,37.943194609148264,2703341.078101353,63501602658.06656,4473008971896.793,-6.0937941288257065,1229.166144302484,5249.535650190473,17903.08275039442,29801.87638570144,34422.9472161055,169.5553881829941,34422.9472161055,LP3
48335,79,291.2322792981224,1955542.1368465645,62462499204.868645,5010536338522.716,-6.2799563313189175,1772.1001877810452,3350.849201135352,12342.595881551872,27861.952247103185,37332.83470752131,229.25909424818275,37332.83470752131,LP3
48337,15,450.194864386984,19001.27835583891,599317.2475889307,2582523.3287512804,-2.092258902127252,260.29893564910304,370.7367489163534,16840.206893067774,898326.2575049183,5080762.609543829,,5080762.609543829,LP3
48339,86,402.54696546378045,7849359.495844299,705816800117.3329,87694171899746.14,-6.906591253460277,2143.3332019031513,11580.346508427176,49376.17668400177,100618.66364032628,125902.71510536825,289.46948567984555,125902.71510536825,LP3
48341,11,460.7416240802659,635.6896077976105,668.7795990712572,673.5772968465233,0.8539920948886,151.97508679005352,423.8466492636574,646.2428682563444,670.8693842898346,672.7761189858028,7.278631055872419,672.7761189858028,LP3
48343,45,364.2735466567544,2107190.049917971,71675480342.64151,5904558186066.635,-6.318052739085154,1045.4298897316785,4841.182311708305,29585.997817330543,103163.4763556105,165115.02679288932,155.9230379388484,165115.02679288932,LP3
48347,93,990.282050971894,1075.203951388907,13665.046183212193,106035.70044026176,-3.0288286996831992,2552.3405463251215,10655.00647048608,25650.906456493667,36491.06582959825,40222.93234598904,232.9390376300594,40222.93234598904,LP3
48349,79,839.4446824329589,10985024.826249596,1792361279173.4463,286486476678473.75,-7.26737414071118,1992.5389924315484,14766.420115541234,38604.39670832358,52839.87814615007,56934.54600989815,221.7201568187889,56934.54600989815,LP3
48351,106,7958.060548300038,46328375.00890107,39059956180375.25,1.2501512088809012e+16,-8.261844402134942,2919.418374669443,38189.95592525196,85359.98293728365,138410.55836366545,164124.18068238924,208.39390008117533,164124.18068238924,LP3
48355,51,29.946192359875862,1413117.6116459952,20762173175.522297,1199319330594.6658,-5.809675329878836,1089.196452356187,2260.284975713684,11764.213857523113,25313.92040430247,31962.94825673954,189.52980524530287,31962.94825673954,LP3
48359,16,29.475993979997305,2293204.8627218446,47830197624.75337,3203997914808.4067,-6.021818711378769,260.3615243675485,16.29953261189449,5806.624342090108,3033248.977025421,47117467.84768291,,47117467.84768291,LP3
48361,50,323.3062041968329,4882643.249784267,308792432213.03296,33062174785831.492,-6.69350486943091,1160.886976213692,3820.679261273727,62900.39325780377,636475.2318540626,1624590.251510557,196.76105810698985,1624590.251510557,LP3
48363,89,41.768098764966055,8113396.184266545,392681710477.9377,37547495856752.91,-6.531500357541695,2330.959380289658,19925.25189655133,53916.470727488755,76748.31862511167,83918.59603062096,251.6470833835368,83918.59603062096,LP3
48365,81,1957.3949224046312,1364551.4878189126,1253921537.5260773,22449122874.04587,-4.13195796221725,1977.793512943637,14055.697534117082,39201.67125711278,71516.44243077422,88161.23765237472,202.5033434605852,88161.23765237472,LP3
48367,71,233.06776292017713,6062187.928773173,445318786724.69934,50795185299415.89,-6.784151748798443,1763.0724629378676,12249.276107047755,47651.49714216402,78471.11079620848,89312.1668789549,244.8081071411386,89312.1668789549,LP3
48371,80,34.07402217960718,42.64188251881535,80.20161388381348,123.80227956351987,-0.9264148687497992,1860.8616351858263,328.55768929719443,2210.363483133124,9274.980279934653,16241.047830726036,267.7201393302217,16241.047830726036,LP3
48373,61,1210.7742083070584,12672423.830537949,1495459863875.4194,208435212683848.4,-7.071211354776308,1669.0149536402837,40593.17371081219,97535.49881356693,125428.60184779036,132392.61806162223,164.78952423124997,132392.61806162223,LP3
48375,79,59.02203726100717,2232860.2611302924,45677171072.43029,3034809173599.74,-6.010085467090713,2024.785723442477,15431.07361645945,54377.09690698036,91370.19389806745,105733.25257475268,254.3697164695404,105733.25257475268,LP3
48381,21,23.98842162240002,1129544.0178981964,14128693981.484756,762455750616.8021,-5.712226209621413,353.78675443160176,510.159006711408,4103.148626894568,6081.784744354809,6454.002472169714,99.8968894405279,6454.002472169714,LP3
48387,29,686.3756675061186,18346.89933457427,53104.83435185108,77882.41133942424,-0.4615443928218113,627.372950400071,6450.562830377994,16280.140353821143,27415.1207825653,32740.597467009145,71.73705005935336,32740.597467009145,LP3
48389,94,35.915013286013576,443022.3058392084,4859085508.343158,248056671540.46756,-5.632694722324813,1961.589880426772,1322.508565169545,6496.289724161037,21253.474745552685,33703.25012244644,,33703.25012244644,LP3
48391,72,121.21449841684884,4566599.900651583,273719571260.34457,28649273962951.992,-6.660998083396379,1713.602244081796,6354.207208020651,26342.567889402584,53241.07428717408,66518.20404379317,240.0140748924227,66518.20404379317,LP3
48395,31,54.193501469546874,3102272.1895579607,140266873242.7269,13031661625004.049,-6.490291814572776,707.9623785871995,13265.372342229904,54668.003618031624,64965.45304805931,66117.39042692485,121.3196261618274,66117.39042692485,LP3
48397,39,290.6565758862414,4043303.87898297,224597552242.9327,22764149052758.67,-6.614955760942786,949.147883899464,14518.865948925348,47250.426650230496,60446.778254461104,62949.901828135226,134.91895751150253,62949.901828135226,LP3
48399,104,132.3752669845878,3347367.586566303,160097315587.18112,15231769604414.629,-6.524330885854708,2534.9403079740664,9052.33746858311,32772.70097925834,53023.93533923389,60173.1053998186,343.43606957938385,60173.1053998186,LP3
48401,42,426.9659767399002,2025065.5848264196,378208071578.1526,64008248873120.82,-7.34924817054797,945.7179401388296,4581.302513626012,12379.933763600682,18226.37521632186,20235.789349390867,119.65111636203513,20235.789349390867,LP3
48403,24,148.00765046164076,1456227.025019262,41695058034.14114,3193457247174.9277,-6.213708260636185,481.5591131159623,1733.7874905814394,9779.316253220284,26354.0153162728,37060.61217040408,89.94005553451638,37060.61217040408,LP3
48405,59,239.6454419413658,2280367.7400826705,81284049485.25423,6829766515790.452,-6.346360486871578,1350.172859796491,4419.046835671753,13356.038469674377,23574.502757147737,28332.1955527825,166.1331754063075,28332.1955527825,LP3
48407,33,88.87659459035746,1833224.0613360784,56583957813.24401,4473541298894.294,-6.259157756998395,663.0078891783722,1204.2246148738725,6603.7520186338015,20624.4223931563,31482.39427996033,113.5207529875092,31482.39427996033,LP3
48409,78,210.9517995635879,454534.5054471048,5080069527.569476,261452011306.298,-5.644322815990842,1836.9992182778972,7057.078767561281,39391.76436095037,82322.9408361135,101860.7479167992,297.73725940804013,101860.7479167992,LP3
48411,77,461.4213064998206,4927344.894047213,312172059392.1378,33449459881766.77,-6.694594181453603,1884.1776450475325,8752.337308217795,45868.53401365168,119423.84718603344,166196.95097921864,267.9136444636734,166196.95097921864,LP3
48415,64,154.86910993263135,1317726.0352568529,32526428637.455032,2339760453046.6787,-6.123870190480243,1355.0183892330074,1897.0653974368329,8931.806190621404,24199.772977812147,34804.679149885524,206.2972164576913,34804.679149885524,LP3
48417,98,280.8156209487607,8002894.325196066,722284518967.542,89879768074106.4,-6.908816952472865,2395.220974924383,7744.172922545441,28542.38950740712,61105.19972952461,79591.37936822227,291.37775935135255,79591.37936822227,LP3
48419,31,254.5326163122894,276.9218158337071,480.926295378154,841.4270482276709,-1.3570257123747265,850.8369638113151,3202.8487055172886,10644.80413744316,20164.451801445724,24898.337630920298,94.22294729757118,24898.337630920298,LP3
48425,93,144.96877062058618,28053618.286464717,6327958893428.771,1159818011712293.2,-7.463422760194179,2512.981730839201,28838.924993360182,66975.1296700878,86755.00207412276,91996.64050219292,238.08114271917864,91996.64050219292,LP3
48429,70,110.21621384212992,2616880.047547445,104811165574.84114,9251196958316.742,-6.416900740155256,1630.9657170832058,4943.976009196025,18411.28257878982,36051.096988072626,44776.91345424123,220.52625240195073,44776.91345424123,LP3
48431,60,34.04477344774727,477312.9629825488,5531268317.792854,289014934869.188,-5.666000206373536,1195.4078013994636,1529.961744649556,8914.284592350125,16656.797622165952,19510.58808657792,240.1584358739921,19510.58808657792,LP3
48433,88,468.92773833239863,5744692.983902945,405441278783.1541,45471544688226.914,-6.759946323332866,2200.127899395034,11231.34758721966,37070.10607145389,66053.24022433766,79103.07365163877,262.94837183001226,79103.07365163877,LP3
48437,29,50.98281777653092,1409328.7154042514,36620848485.27345,2692018729560.1616,-6.1549182038500305,551.85671813236,1076.646344773595,4902.914674484274,8904.76093977286,10477.832367949555,108.74550558786468,10477.832367949555,LP3
48439,100,172.30840978718473,9385647.412099805,951114577063.6156,124294286375726.38,-6.9789444499321025,2516.751434445673,10978.021624916635,31701.292493114557,53745.92532269241,63555.726762399325,271.8166510238181,63555.726762399325,LP3
48441,41,1178.3426690059796,3474.5444141049884,9215.650536919771,13964.981899124024,-0.5996834840224531,678.3612231392025,1193.446167337126,3561.566213975433,8615.005707299311,12282.884592547234,87.7353139552288,12282.884592547234,LP3
48443,36,58.11740137404125,2282767.035459242,47465159326.53452,3175398845898.189,-6.0199497950456,770.8165933790335,3258.746132199217,33623.65996216957,89812.28623847771,118885.6787747934,163.08148452442137,118885.6787747934,LP3
48445,19,54.25497203563371,135.67930212080276,237.5534202139587,291.94891523435194,-0.2019839042913699,203.1854219658239,54.150875651908216,141.56591777186532,218.1886413229257,248.24322362133276,54.29361336889226,248.24322362133276,LP3
48447,55,27.920039495634605,81455.402162937,153855705.60932174,3733973095.069896,-4.5676951272340744,1024.2385964660132,620.6352232234432,4687.334494272083,15612.422118597318,23810.349703501528,213.0797309108855,23810.349703501528,LP3
48449,81,292.78052085512206,10359625.753676524,1119446884084.1433,150319269425089.53,-7.017835312226469,2063.848343848441,13932.85632698375,36578.20632551548,54988.36535131671,61790.232018494746,216.2182474604876,61790.232018494746,LP3
48451,109,97.3899488921445,4374444.609473143,145575256648.54056,11881179127364.02,-6.304713588308321,2700.545278741509,9597.514617480556,53137.35527235009,132077.58408767544,178391.34278358327,393.3790674271821,178391.34278358327,LP3
48453,120,629.747565739956,2675533.685192002,109019925391.10254,9693720009201.06,-6.427434747721252,3219.9862611307835,17489.828264060234,117082.74905550484,568816.4102749337,1080292.5269096592,,1080292.5269096592,LP3
48455,27,400.259196566037,447.51693474660425,4944.279117720271,31644.388098932784,-2.761301961151865,655.1015215233571,4099.59357395378,13243.528848496377,19742.08878046749,21773.870927317756,89.93142877736473,21773.870927317756,LP3
48457,107,2522.7644878744827,2510734.951134283,419287701862.5872,67705736553096.03,-7.281999298645996,2724.0373791490783,15829.385622908025,33385.1143373017,44110.3612875652,47457.5227282874,236.71686446926287,47457.5227282874,LP3
48459,78,3508.3050619164596,11587.173643191005,28453.56218822151,40929.3177873125,-0.4955329317811843,1492.9623393021925,3696.068238368794,11318.986673032832,21094.73210988001,26041.873917462308,213.4137823997587,26041.873917462308,LP3
48463,95,86.70572615505692,6908002.908482239,297927581054.4016,27131934390000.215,-6.461684289839923,2467.8364227117545,19872.69109344075,137639.35345906435,313838.76065353665,397817.2540828728,384.19891721509015,397817.2540828728,LP3
48465,82,277.5065898687849,30607467.192254428,4177981311126.4834,619263216000660.9,-7.15930471875024,2296.980769643629,43143.17059886001,197368.47664269025,440413.6783090108,573356.9494077464,278.65981176165786,573356.9494077464,LP3
48467,59,128.3246870861134,2207336.312558438,77973212175.47523,6526474220184.066,-6.340861920122028,1383.4529781089032,5727.542763356642,22084.424679703723,41856.30635566672,50970.25646541574,193.7189715580459,50970.25646541574,LP3
48469,87,715.7253911923099,7740174.250846556,681380289985.6957,83903195500072.56,-6.893763307966701,2258.48781895755,17452.466509936876,83927.6618242434,197240.432234405,262457.73226408765,298.2980517831883,262457.73226408765,LP3
48471,82,34.94556350492931,4174955.068811993,124920047224.17113,9747129620044.64,-6.240315467446381,2161.6217953599366,25800.20716827333,82649.34702007573,108950.09651714728,114625.43475033088,271.6343508867454,114625.43475033088,LP3
48475,14,51.23033803687801,12134.953592357851,1510800.3818955584,11613880.976476109,-2.9211280623322216,210.74007027463665,76.11474604845887,7888.496711437128,375925.07553324546,1804771.9943664896,,1804771.9943664896,LP3
48477,74,235.2592690718261,106814002.92218933,64386710395875.65,1.7881065543414932e+16,-8.058586679581694,2100.96021832723,53790.39441822642,107805.9825147022,135224.3829545661,142697.42816950986,160.22728673820106,142697.42816950986,LP3
48479,112,36.44064112520735,7658936.405115795,355793253956.12427,33435603025213.61,-6.506671422601299,2961.8766628706107,24574.32249759554,178633.85758718598,373626.1821571694,453275.3231685031,466.7062484986476,453275.3231685031,LP3
48481,82,1533.5741857936175,5952165.733089256,525730021078.73376,64832771830323.79,-6.8958834158333975,2186.6562146647607,24785.874561359116,69986.3438063958,114216.50650600482,132771.89912928877,224.11873026646433,132771.89912928877,LP3
48483,61,46.13586801918402,1871371.902566426,58597081619.72834,4660869667441.5205,-6.267840442173529,1322.9620227157986,2657.205258962446,10197.885940436532,17970.625256463834,21126.575224660075,204.88921696909568,21126.575224660075,LP3
48485,87,121.46137910683332,2302748.5398952523,83718922119.56834,7093170548825.532,-6.358286285389967,1998.3493870992413,3950.087542843228,11565.467032800458,21179.65666528355,26028.197774963468,229.0580052086978,26028.197774963468,LP3
48487,55,447.0457694200608,464.1787913944397,639.454615015321,969.7924030693778,-1.4256094987131958,1674.6006074713866,7803.187956489562,22700.225705283377,35447.62778415234,40226.91098542124,160.2904378845073,40226.91098542124,LP3
48491,91,295.0856230527562,12297516.375758171,1522772327832.139,216598190601452.3,-7.100309890525452,2310.8383516008544,12668.467913078575,48346.915682637686,96194.39260485517,120174.56133820688,287.8183140377559,120174.56133820688,LP3
48493,26,2388.606965892054,1275381.9123642507,9510829425.194118,412770288084.2769,-5.400176615487851,579.6202777765376,8669.352086953022,19866.99007447922,28823.615383590582,32200.608102077906,64.48012389103407,32200.608102077906,LP3
48497,102,337.2684066751374,2873208.1043843795,120915897288.83748,10898676458474.943,-6.4469110012531985,2366.2115473147,4780.843594191255,17627.184916152197,37176.11056239501,48039.51302677451,305.4370806552644,48039.51302677451,LP3
48499,78,541.3635022771591,8907416.740950573,820807026642.9164,103042430160796.78,-6.921419277919333,1984.627595440428,14151.086281227508,38129.27746540777,59081.99213060032,67222.06240582075,210.14538779959437,67222.06240582075,LP3
48503,97,162.1631330481379,9552325.572103122,989952392983.302,130601627228533.44,-6.992518187682469,2480.6818065690913,13928.846781114024,39647.59800713976,62049.465570272434,70614.80650433761,272.46062056219364,70614.80650433761,LP3
48505,27,50.35011420220313,13879305.591398288,991346697719.7852,111742895916468.52,-6.767144226429849,683.8988232259939,39367.22497554052,199521.514586993,248784.3723858191,255040.29550690248,116.53976536024174,255040.29550690248,LP3
